#amzn,1023829385252687872,2018-07-30 07:15:21,"Someone's willing to destroy them both, but who?  #BookPromo #AMZN¬†$2.99 3-DAYS ONLY! #WriterRT¬†Killing¬†Secrets, KL‚Ä¶ ",0.016666666666666663
#amzn,1023799902051201024,2018-07-30 05:18:12,"Difference between New and Experienced Trader

1 - 15x Leverage ‚úÖ

‚ñ∂Ô∏è  ‚óÄÔ∏è

Register Now &amp; go‚Ä¶ ",0.4681818181818182
#amzn,1023760102732509185,2018-07-30 02:40:03,"Group 3 Stocks &amp; ETF instruments charts are updated in 4 time frames, weekly, daily , 4 hour and 1 hour. They are a‚Ä¶ ",0.0
#amzn,1023758875944779777,2018-07-30 02:35:11,"Countries banning Bitcoin

1 - 15x Leverage ‚úÖ

‚ñ∂Ô∏è  ‚óÄÔ∏è

Register Now &amp; go Longüìà or Shortüìâ on‚Ä¶ ",0.0
#amzn,1023758022882013184,2018-07-30 02:31:47,Weekly Technical Video For Group 3 Stocks &amp; ETF instruments is available for members viewing @ the website‚Ä¶ ,0.2
#amzn,1023756338432815104,2018-07-30 02:25:06,"Mum knows best

1 - 15x Leverage ‚úÖ

‚ñ∂Ô∏è  ‚óÄÔ∏è

Register Now &amp; go Longüìà or Shortüìâ on #AMZN with‚Ä¶ ",1.0
#amzn,1023712393648582656,2018-07-29 23:30:28,"Trust is all that will free a little girl of her silent prison. Killing Secrets, KL Docter #AMZN $2.99 3-DAYS ONLY!‚Ä¶ ",0.07083333333333335
#amzn,1023679706787471364,2018-07-29 21:20:35,"The Big Five - Live Technical Review of FAANG Stocks and Key Market Sectors - Come see our latest take on #AAPL,‚Ä¶ ",0.12727272727272726
#amzn,1023677043790082048,2018-07-29 21:10:00,"#AMZN - Indicador de tendencia  ""parabolic sar"" (amzn) - ",0.0
#amzn,1023646630728347649,2018-07-29 19:09:09,The Big Five FAANG Stock and Sector Service is now posted for Sunday      #AMZN #AAPL #FB‚Ä¶ ,0.0
#amzn,1023643536007356416,2018-07-29 18:56:52,Rumor has it ... #marginCall #Fb Selling Winners #AMZN #Googl #Aapl #msft to pay for margin calls,0.0
#amzn,1023639971234762753,2018-07-29 18:42:42,    _aqov üëè I wish I‚Äôd discovered #AZN* in 1994...I could have taken‚Ä¶ ,0.0
#amzn,1023632775776227328,2018-07-29 18:14:06,"This week's wrap is now... live! Check it out on the website. We discuss Facebook, Amazon and the up-coming interes‚Ä¶ ",0.17045454545454544
#amzn,1023624312618536960,2018-07-29 17:40:28,"#amzn $amzn looking a little tired rising wedge, looks ripe for a pull back  ‚Ä¶ ",-0.19583333333333333
#amzn,1023561683862601729,2018-07-29 13:31:36,"#amzn 
#Amazon 
Gravestone Doji on Friday ?
Now below $ 1818 level if trades with volumes and closes below :
Target‚Ä¶ ",0.0
#amzn,1023544967468380160,2018-07-29 12:25:11,"Mum knows best

1 - 15x Leverage ‚úÖ

‚ñ∂Ô∏è  ‚óÄÔ∏è

Register Now &amp; go Longüìà or Shortüìâ on #AMZN with‚Ä¶ ",1.0
#amzn,1023543832233705474,2018-07-29 12:20:40,"Technical Analysis: Amazon #amzn



#sp500 #trading #investing #stockmarket #stocks‚Ä¶ ",0.0
#amzn,1023542421219684352,2018-07-29 12:15:04,"Countries banning Bitcoin

1 - 15x Leverage ‚úÖ

‚ñ∂Ô∏è  ‚óÄÔ∏è

Register Now &amp; go Longüìà or Shortüìâ on‚Ä¶ ",0.0
#amzn,1023531961783074816,2018-07-29 11:33:30,"""De √§r en stor inspirationsk√§lla f√∂r oss, men ocks√• en v√§ldigt stark konkurrent."" 

 #AMZN‚Ä¶ ",-0.2
#amzn,1023497381113933824,2018-07-29 09:16:05,"Difference between New and Experienced Trader

1 - 15x Leverage ‚úÖ

‚ñ∂Ô∏è  ‚óÄÔ∏è

Register Now &amp; go‚Ä¶ ",0.4681818181818182
#amzn,1023448571369218049,2018-07-29 06:02:08,"Difference between New and Experienced Trader

1 - 15x Leverage ‚úÖ

‚ñ∂Ô∏è  ‚óÄÔ∏è

Register Now &amp; go‚Ä¶ ",0.4681818181818182
#amzn,1023424350609760256,2018-07-29 04:25:54,Twitter is cheap right now. Who will buy them out at a price of $50 + a share? $twtr #twtr #twitter $amzn #amzn‚Ä¶ ,0.34285714285714286
#amzn,1023415804040237056,2018-07-29 03:51:56,üëÄ #Amazon #AMZN #AmazonHealth in Ref 2 ur online #VisionCare #EyeProducts thanks for delivering Hot Temperature... ,0.225
#amzn,1023415756418101248,2018-07-29 03:51:45,üëÄ #Amazon #AMZN #AmazonHealth in Ref 2 ur online #VisionCare #EyeProducts thanks for delivering Hot Temperature‚Ä¶ ,0.225
#amzn,1023391205915324419,2018-07-29 02:14:11,"Countries banning Bitcoin

1 - 15x Leverage ‚úÖ

‚ñ∂Ô∏è  ‚óÄÔ∏è

Register Now &amp; go Longüìà or Shortüìâ on‚Ä¶ ",0.0
#amzn,1023388667577069569,2018-07-29 02:04:06,"Mum knows best

1 - 15x Leverage ‚úÖ

‚ñ∂Ô∏è  ‚óÄÔ∏è

Register Now &amp; go Longüìà or Shortüìâ on #AMZN with‚Ä¶ ",1.0
#amzn,1023379845617610752,2018-07-29 01:29:03, #AMZN was positive and it sold off from the open. That is what counts. End of story. I don‚Äôt pay attenti‚Ä¶ ,0.11363636363636363
#amzn,1023345395580252160,2018-07-28 23:12:09,"$AMZN We're a sport, MM's told us to short. We did what we was taught. MSP ALGO wreck the MM's techs!! #AMZN $SPY ",0.0
#amzn,1023313619788996609,2018-07-28 21:05:53, Couldn‚Äôt agree more. I was a late 90s early-adopter of #AMZN - so a long track record. Hardly ever‚Ä¶ ,-0.035416666666666666
#amzn,1023249827713507328,2018-07-28 16:52:24,The FAANG-nary In The Coal Mine  #Fang #Fangs #FAANG #Netflix #NFLX #Facebook #FB #Amazon‚Ä¶ ,0.0
#amzn,1023218052731727872,2018-07-28 14:46:08,"#AMZN $AMZN QUARTERLY 

Trying to get my head around this one ",0.0
#amzn,1023217455794204674,2018-07-28 14:43:46,#AMZN $AMZN MONTHLY Well those 2 Yellows back in 2006 &amp; 2007 paid. Whats even more interesting is the Green Bars in‚Ä¶ ,0.2
#amzn,1023207950163140608,2018-07-28 14:06:00,"Investors be warned: what goes up must come down. Relentless growth is unsustainable unless, as #Bezos has predicte‚Ä¶ ",-0.15555555555555559
#amzn,1023207182152687617,2018-07-28 14:02:57,"Todo lo que  y Charlie Munger han dicho hist√≥ricamente acerca de Amazon (#AMZN) y Jeff Bezos, v√≠deo (‚Ä¶ ",0.0
#amzn,1023200847445065728,2018-07-28 13:37:46,"Amazon shares gained over 95,000% since IPO in May 1997, an annualized return of 38%. #AMAZON #AMZN ",0.0
#amzn,1023179805213319168,2018-07-28 12:14:09,"Mum knows best

1 - 15x Leverage ‚úÖ

‚ñ∂Ô∏è  ‚óÄÔ∏è

Register Now &amp; go Longüìà or Shortüìâ on #AMZN with‚Ä¶ ",1.0
#amzn,1023179494612525056,2018-07-28 12:12:55,It's still day one. #AMZN ,0.0
#amzn,1023177269009899521,2018-07-28 12:04:05,"Countries banning Bitcoin

1 - 15x Leverage ‚úÖ

‚ñ∂Ô∏è  ‚óÄÔ∏è

Register Now &amp; go Longüìà or Shortüìâ on‚Ä¶ ",0.0
#amzn,1023172043221729280,2018-07-28 11:43:19,AMAZON INVESTORS: FORGET THE HEADLINES AND FOCUS ON THIS ONE THING $#AMZN $‚Ä¶  #stockmarket,0.0
#amzn,1023150812942491648,2018-07-28 10:18:57,Proof that investing is a long-term game #amzn #Amazon ,-0.4
#amzn,1023140696037961728,2018-07-28 09:38:45,#eStocks share price performance #chart: #TWTR v #NFLX v #AMZN v #MSFT v #GOOG v #AAPL v #FB (10 months).‚Ä¶ ,0.0
#amzn,1023131246023651328,2018-07-28 09:01:12,"Difference between New and Experienced Trader

1 - 15x Leverage ‚úÖ

‚ñ∂Ô∏è  ‚óÄÔ∏è

Register Now &amp; go‚Ä¶ ",0.4681818181818182
#amzn,1023098227623485440,2018-07-28 06:50:00,#AMZN - FAANG-Aktien ‚Äì Pacemaker mit Knick - ,0.0
#amzn,1023095712161062913,2018-07-28 06:40:00,#AMZN -  - ,0.0
#amzn,1023093195763142656,2018-07-28 06:30:00,#AMZN - FAANG-Aktien ‚Äì Pacemaker mit Knick - ,0.0
#amzn,1023031544276033538,2018-07-28 02:25:01,Profits happy with $AMZN: 73.74% gain since 12 months ago  #AMZN,0.8
#amzn,1023025668886548480,2018-07-28 02:01:41,Our alerts are leading &amp; come out before the reversal even begin on charts &amp; trading  bot. AKA #AMZN Price was stil‚Ä¶ ,0.0
#amzn,1023021356999356416,2018-07-28 01:44:32,"#NFLX , #AMZN , #FB , #GOOG , #MSFT , #AAPL , #NVDA , #TSLA , #TWTR „ÅÆÊ†™‰æ°Êé®Áßª„Åß„Åô„ÄÇ#TWTR „ÅØÊ¥æÊâã„Å´Âãï„Åç„Åæ„Åó„Åü„Å≠„ÄÇÊò®Êó•„ÅÆ #FB ÂêåÊßò„ÄÅÂÄãÂà•Ê†™„ÅØ„Åì„Çå„Åå„ÅÇ„Çã„Åã„Çâ„ÄÇ ",0.0
#amzn,1022987926198788096,2018-07-27 23:31:42,"#Amazon revenue growth and share price history over two decades, my first foray into using R &amp;  #rstats , g‚Ä¶ ",0.25
#amzn,1022971964627902464,2018-07-27 22:28:16, But not ! #AMZN,0.0
#amzn,1022961281651884033,2018-07-27 21:45:49, Another interesting thing is between #AMZN #NFLX #TSLA #MSFT #INTC #TWTR #AAPL #FB their charts appear‚Ä¶ ,0.5
#amzn,1022951400614121473,2018-07-27 21:06:34,"$AMZN DOMINATED BY BEARS DRAGGING THE MARKET LOWER THROUGHOUT THE DAY: 
Sentiment: Neutral #AMZN #Amazon",0.0
#amzn,1022938717458247681,2018-07-27 20:16:10,"Are you Bullish or Bearish on #AmazonüõçÔ∏è?

1 - 15x Leverage ‚úÖ

‚ñ∂Ô∏è  ‚óÄÔ∏è

Register Now &amp; go Long‚Ä¶ ",0.0
#amzn,1022936174095224833,2018-07-27 20:06:03,"Did you know that you can get paid #Bitcoin dividends
for holding your #Stocks position?

1 - 15x Leverage ‚úÖ

‚ñ∂Ô∏è‚Ä¶ ",0.0
#amzn,1022930248244125696,2018-07-27 19:42:30,"#NFLX anew low today
#FB made new cash session low
#MSFT testing 5 day old gap
#AMZN tested yesterday‚Äôs low

Would‚Ä¶ ",0.04727272727272727
#amzn,1022930162474774530,2018-07-27 19:42:10,Keystone Charts - #AMZN vs #FB -  ,0.0
#amzn,1022925484710088705,2018-07-27 19:23:35,"#LegacyMedia much more important as stock-boycott &amp; shorting targets:
*#GE for #NBC &amp; #MSNBC
*#WarnerMedia for #CNN‚Ä¶ ",0.45
#amzn,1022925367273811973,2018-07-27 19:23:07," #LegacyMedia much more important as stock-boycott &amp; shorting targets:
*#GE for #NBC &amp; #MSNBC
*‚Ä¶ ",0.45
#amzn,1022923462099128320,2018-07-27 19:15:33,#amzn flying higher and higher,0.25
#amzn,1022922362390380545,2018-07-27 19:11:10,Still holding my #googl #amzn calls and bought #spy put as hedge,0.0
#amzn,1022921062798041089,2018-07-27 19:06:00,"$AMZN Jul27 #earnings #OTM #Call #butterfly will remain OTM &amp; expire worthless as #AMZN spiked up on earnings, miss‚Ä¶ ",-0.8
#amzn,1022908123856744448,2018-07-27 18:14:36,1 hour charts for the Group 3 instruments are available for members viewing @ the site  ,0.4
#amzn,1022894929637453824,2018-07-27 17:22:10,"Fangless Market
#FeaturedPosts #Financial #ABMD #AMZN #DJI #FB #NDX #NFLX #AAPL #FAANG #Facebook #MarkZuckerberg‚Ä¶ ",0.0
#amzn,1022894429223432192,2018-07-27 17:20:11,The Group 3 Live Analysis / Trading Room video recording is available for members @ the site‚Ä¶ ,0.2681818181818182
#amzn,1022893929623158789,2018-07-27 17:18:11,"Did you know that you can use #Bitcoin to trade #Stocks?

1 - 15x Leverage ‚úÖ

‚ñ∂Ô∏è  ‚óÄÔ∏è

Regist‚Ä¶ ",0.0
#amzn,1022893316801609728,2018-07-27 17:15:45,Holding #Googl #amzn calls into the weekend no matter how lower it goes today,0.0
#amzn,1022889598299516929,2018-07-27 17:00:59, #AMZN will go in the red,0.0
#amzn,1022889237581123586,2018-07-27 16:59:33,$AMZN $1813/1810/1808  MSP Pin ALGO off the chain. Gave us clues to what price had to do based on MM's greed to PIN #AMZN,0.0
#amzn,1022887102520942593,2018-07-27 16:51:04,"Amazon Earnings Preview, &amp; Trending Reports from FB, AMD, and MCD | Free Lunch | #amazon #amzn #daytrading‚Ä¶ ",0.4
#amzn,1022885835098607622,2018-07-27 16:46:02,#AMZN staring at red.  Markets will go with it...,0.0
#amzn,1022885475370061824,2018-07-27 16:44:36,Keystone Charts - #AMZN vs #FB -  ,0.0
#amzn,1022885228258500609,2018-07-27 16:43:37,Had Puts? Check $SPY $TSLA $GOOGL $AMZN $QQQ bought yesterday besides #AMZN,0.0
#amzn,1022882982762344448,2018-07-27 16:34:41,$AMZN The institutional traders MSP ALGO Money Flow follow that give us our signals. We only follow them &amp; MM's Dum‚Ä¶ ,0.0
#amzn,1022879282341859328,2018-07-27 16:19:59,#AMZN ,0.0
#amzn,1022876118360047616,2018-07-27 16:07:25,#amzn #googl the strongest in this dip,0.0
#amzn,1022867595379335168,2018-07-27 15:33:33,"#MSFT hammered
#AMZN spanked
#AAPL Red but trying to bounce
#RUT in woodshed",0.0
#amzn,1022865698521894912,2018-07-27 15:26:01,In other News:  working on digitally remastering the Road Runner/Wile E. Coyote animated shorts and i‚Ä¶ ,-0.0625
#amzn,1022862678212182016,2018-07-27 15:14:01, did i just hear Gene Munster insinuate #AMZN slightly overvalued?? It seems moving from SS to BS has changed his perspective.,-0.16666666666666666
#amzn,1022858188360536064,2018-07-27 14:56:10,Theres no proof to charts they said - #AMZN chart ,0.0
#amzn,1022857929102446592,2018-07-27 14:55:08,wth pullbk likely deep pllbk will buy #NQ_F very strong difference from 99 bubble #AMZN #AAPL  #FB #GOOG tjy r‚Ä¶ ,0.1877777777777778
#amzn,1022856772195893250,2018-07-27 14:50:32,"1/2 #AMZN Amazon's market cap now over $920 billion, can it beat #APPL to be the first trillion dollar company in t‚Ä¶ ",0.25
#amzn,1022855990322982912,2018-07-27 14:47:26,Charts dont work they said - #AMZN chart ,0.0
#amzn,1022853392828432386,2018-07-27 14:37:07,And Kylie Jenner making 1M per instagram post...all the earmarks of one fantabulous #BUBBLE #AMZN #FANGS...have peo‚Ä¶ ,0.0
#amzn,1022852412497965056,2018-07-27 14:33:13,"Was reminiscing on how we had not seen ""mania"" like #btc in some time and may not again in the near future.  Howeve‚Ä¶ ",0.05
#amzn,1022849989167534081,2018-07-27 14:23:35,10 Year Bull Market has left with no sellers; No Liquidity; All that is left is Momentum traders!. #FB #TWTR is now‚Ä¶ ,0.0
#amzn,1022847300018884608,2018-07-27 14:12:54, #TWTR #FB #AMZN $SPX $SPY $SSO $UPRO $QLD $DDM $NDX $DOW #YEP #LOL #WOW #XD #AWESOME ,0.6333333333333333
#amzn,1022847237171363841,2018-07-27 14:12:39,"Which #Stock is a better Investment? Little bit old video but still valid. #Alibaba or #Amazon? #baba or #amzn 

",0.13749999999999998
#amzn,1022847001417994240,2018-07-27 14:11:43," is the best way to learn to trade options. Check them out, they are tops in education! Love the ""vol‚Ä¶ ",0.75
#amzn,1022846518645141505,2018-07-27 14:09:48,"Amazon earnings: #AMZN quarterly profits topped $2 billion (¬£1.52 billion) for the first time, sending shares to a‚Ä¶ ",0.25
#amzn,1022845055948611585,2018-07-27 14:03:59,AMZN - #AMZN chart ,0.0
#amzn,1022842036179927045,2018-07-27 13:51:59,Amazon rises on the open with shares 3% higher than yesterday's close.....looks like it is over to Apple to attempt‚Ä¶ ,0.125
#amzn,1022841531521294341,2018-07-27 13:49:59,Positive results from #AMZN !! Double from estimates! #Amazon may topple Apple Inc. run for 1 Trillion Dollar Mark!‚Ä¶ ,0.17755681818181818
#amzn,1022836636244234240,2018-07-27 13:30:32,"üìà Amazon #amzn just hit a 52 week high of $1,879.72

Keep track with #Invstr  ",0.16
#amzn,1022834320564805632,2018-07-27 13:21:20,"Le PER n‚Äôest plus que de 150 üò¨
#Amzn ",0.0
#amzn,1022831964271923200,2018-07-27 13:11:58,"Retweeted Swing Trade Warrior ():

Hot Stocks To Watch 7/27/2018  #amzn‚Ä¶ ",0.25
#amzn,1022831658557423616,2018-07-27 13:10:45,Hot Stocks To Watch 7/27/2018  #amzn #economiccalendar #fb #googl #intc #qqq #spy #twtr #xom ,0.25
#amzn,1022831632447889409,2018-07-27 13:10:39,Hot Stocks To Watch 7/27/2018  #amzn #economiccalendar #fb #googl #intc #qqq #spy #twtr #xom ,0.25
#amzn,1022831501900230657,2018-07-27 13:10:08,Hot Stocks To Watch 7/27/2018  #amzn #economiccalendar #fb #googl #intc #qqq #spy #twtr #xom ,0.25
#amzn,1022831464159821825,2018-07-27 13:09:59,Hot Stocks To Watch 7/27/2018  #amzn #economiccalendar #fb #googl #intc #qqq #spy #twtr #xom ,0.25
#amzn,1022830506247897088,2018-07-27 13:06:10,Stock Market 411: Amazon Stock Keeps on Beasting  #Amazon #AMZN #stocktips #Amazonstock,0.0
#amzn,1022830263813001216,2018-07-27 13:05:12,"Mum knows best

1 - 15x Leverage ‚úÖ

‚ñ∂Ô∏è  ‚óÄÔ∏è

Register Now &amp; go Longüìà or Shortüìâ on #AMZN with‚Ä¶ ",1.0
#amzn,1022820796715200512,2018-07-27 12:27:35, launch in Italy &amp; Spain is also mentioned in our quarterly earnings release here:‚Ä¶ ,0.0
#amzn,1022820183763771393,2018-07-27 12:25:09,"Countries banning Bitcoin

1 - 15x Leverage ‚úÖ

‚ñ∂Ô∏è  ‚óÄÔ∏è

Register Now &amp; go Longüìà or Shortüìâ on‚Ä¶ ",0.0
#amzn,1022818920632381441,2018-07-27 12:20:08,Group 3 Live Analysis &amp; Trading Session Starts @ 8:45 AM EDT / 12:45 PM GMT /1:45 PM BST; Members link is available‚Ä¶ ,0.13636363636363635
#amzn,1022817042859208705,2018-07-27 12:12:40,"(Guess it‚Äôs #Amazon Friday). In the race to get to $1 trillion valuation first, Amazon‚Äôs #quarterlyearnings didn‚Äôt‚Ä¶ ",0.25
#amzn,1022816092782321664,2018-07-27 12:08:54,#Amazon can turn huge profits wheeeeeenever it wants  #AMZN #Bezos #TMtmDailyBuzz,0.30000000000000004
#amzn,1022815329930567680,2018-07-27 12:05:52,#AMZN  beat earnings by dialing back on cloud and fulfillment center capex spend. To catch up with WMT sales &amp; defe‚Ä¶ ,-0.05
#amzn,1022814495406731264,2018-07-27 12:02:33,Wow #AMZN earnings.,0.1
#amzn,1022805200762019840,2018-07-27 11:25:37,10 Things to Know for Today  #LyudmilaRudenko #TreasureMapInFlushFactory #LunarEclipseJuly2018 #AMZN #PhilElverum‚Ä¶ ,0.0
#amzn,1022800444983336960,2018-07-27 11:06:43,"AMZN #RK #amzn $amzn #amazon
#ADSS UAE ",0.0
#amzn,1022798447471194112,2018-07-27 10:58:47,#AMZN ,0.0
#amzn,1022790964555988993,2018-07-27 10:29:03," Man skulle k√∂pt ig√•r om man haft n√•gra f√• dollar i handen. FBs problem √§r att de ""bara"" √§r en annonspelare‚Ä¶ ",0.0
#amzn,1022783206255484928,2018-07-27 09:58:13, #AMZN share holders have won a lot today . See if someone is so kind to help you out . Let's try‚Ä¶ ,0.6
#amzn,1022781012038828032,2018-07-27 09:49:30,"#AMZN premarket 1,880 $ wow Possible 1,900 before the bell. TP 2000-2200 end 2018 TP 3,000 end 2019 (and I'm conservative) Big Money",0.03333333333333333
#amzn,1022780692772675586,2018-07-27 09:48:14,"GET THE BEST #SILVERGEMSTONE JEWELLERY AND #ENGRAVINGS 

#FridayFeeling #NorfolkDay‚Ä¶ ",1.0
#amzn,1022775564317405184,2018-07-27 09:27:51,"Going into Friday, üëÄeyes on Amazon stock...
#AMZN
#DeepState ",0.0
#amzn,1022773871932567553,2018-07-27 09:21:07,"Difference between New and Experienced Trader

1 - 15x Leverage ‚úÖ

‚ñ∂Ô∏è  ‚óÄÔ∏è

Register Now &amp; go‚Ä¶ ",0.4681818181818182
#amzn,1022767566408826880,2018-07-27 08:56:04, . Tell that dude talking #Amazon that this company is an etailer selling real products. Am‚Ä¶ ,0.2
#amzn,1022766038918656000,2018-07-27 08:50:00,#AMZN - #Amazon mid term trend analysis - ,0.0
#amzn,1022759770078339073,2018-07-27 08:25:05,"As you see the #AMZN contract was losing 39 $ yesterday, but I‚Äôm confident with all increase in aftermarket, the co‚Ä¶ ",0.5
#amzn,1022757377429270528,2018-07-27 08:15:35,"#AMZN I sold 1760 and bought 1752.5. these two legs deposited in my account 250 $, So I hope to buy them back tonig‚Ä¶ ",0.0
#amzn,1022750654287101952,2018-07-27 07:48:52,As I mentioned before  my budget is 1000$ and I made two transactions this week one with #SPX and the other with‚Ä¶ ,-0.125
#amzn,1022750256419794945,2018-07-27 07:47:17,"yesterday I had bought #GM,#AMZN,#twitter,#XOM , im waiting for market opening to see the results
#trade #eps‚Ä¶ ",0.0
#amzn,1022741653134761985,2018-07-27 07:13:06,"Amazon earnings:
EPS: $5.07 versus expected $2.47.
Revenue: $52.89 billion versus expected $53.37 billion.
#Amazon‚Ä¶ ",-0.1
#amzn,1022739568326574080,2018-07-27 07:04:49,Fredag üåû och ny kr√∂nika publicerad om vinster som ligger i framtiden. #AMZN #NFLX ,0.0
#amzn,1022730525574934528,2018-07-27 06:28:53,#Amzn short sold with a little loss ,-0.09375
#amzn,1022728059458408449,2018-07-27 06:19:05,AMAZON - Reported a huge beat on Profits. EPS more  than double the expectation $5.07 vs. $2.50.  Narrow miss on re‚Ä¶ ,0.17500000000000004
#amzn,1022718823709913089,2018-07-27 05:42:23,$AMZN #Q2 had a 188 points move afterhours in 4 minutes from 1706 to almost 1896 dollars..But started from 1863 dol‚Ä¶ ,0.0
#amzn,1022718278320488449,2018-07-27 05:40:13,"Amazon Stock Leaps on Massive Earnings Beat - U.S. News &amp; World Report #Amzn #news
 ",0.0
#amzn,1022714694690373632,2018-07-27 05:25:58,"Amazon chockar med nya j√§ttevinster p√• nya omr√•den: moln, n√§treklam etc. Undrar n√§r #Amzn lanserar en kryptovaluta?‚Ä¶ ",0.0
#amzn,1022712778253983744,2018-07-27 05:18:22,Part 3/Á¨¨‰∏âÁØÄ/Á¨¨‰∏âÂõû Why captivity for #dolphins is wrong. ÁÇ∫‰ΩïÂúèÈ§äÊµ∑Ë±öÊòØÈåØÁöÑÔºÅ #„Ç§„É´„Ç´ „ÅÆÊçïÁç≤È£ºËÇ≤„Åå„ÅÑ„Åë„Å™„ÅÑÁêÜÁî±„ÄÇ #„Ç§„É´„Ç´Â§©‰Ωø  ,-0.5
#amzn,1022707681612705792,2018-07-27 04:58:06,"Despite surprisingly good #AMZN earnings report, stocks has fallen by $55. Your thoughts? ",0.7
#amzn,1022705087515426817,2018-07-27 04:47:48, When do you think the next domino will fall. #AMZN or #ADBE or #NFLX,0.0
#amzn,1022690166916313088,2018-07-27 03:48:31,"_japan Ê°àÂ§ñ„ÄÅÊ≠£„Åó„Åã„Å£„Åü„Çä„Åó„Å¶‚Ä¶„ÄÇ

#AMZN
#AI
QT _japan: „Ç¢„Éû„Çæ„É≥„ÅÆÈ°îË™çË≠òÊäÄË°ì„ÄÅÁ±≥Ë≠∞Âì°28‰∫∫„ÅÆÈ°î„ÇíÁäØÁΩ™ËÄÖ„Å®Ë™§Ë™ç--‰∫∫Ê®©Âõ£‰Ωì„ÅåÂ†±Âëä ",0.0
#amzn,1022687738712215552,2018-07-27 03:38:52,$AMZN - 188 points move in 4 minuets..@ 4:01 = 1706 &amp; @ 4:04 = 1894 .. imagine if someone caught this move !!! 1K b‚Ä¶ ,0.0
#amzn,1022684058176966657,2018-07-27 03:24:14,Amazon continues its streak of profitability with a quarterly record  via  #AMZN,0.0
#amzn,1022680887736066048,2018-07-27 03:11:38,What will the TWITTER stock price be at the end of the day tomorrow? $twtr #twtr #twitter #earnings $spy $Nasdaq‚Ä¶ ,0.0
#amzn,1022676921291685888,2018-07-27 02:55:53,$AMZN  - #AMZN chart ,0.0
#amzn,1022662812554932225,2018-07-27 01:59:49,$AMZN Big Boy's was running out of #AMZN today. Scared of ER Good ER play. Probably Expected moves Drop Chop Pop! ! LOL  $SPY,0.3359375
#amzn,1022661161647579136,2018-07-27 01:53:15,"Come on....try it.  What do you have to lose?  You will be hooked. If you do join us, jump in on Discord voice.  We‚Ä¶ ",0.0
#amzn,1022650752823635969,2018-07-27 01:11:54,1hour post market charts for the Group 3 instruments are available for members viewing @ the site‚Ä¶ ,0.4
#amzn,1022638115536531459,2018-07-27 00:21:41,Ok #AMZN is not going to $3000 by next qtr.  Stock has peaked at these levels. + that AMZN can show more profitabil‚Ä¶ ,0.3333333333333333
#amzn,1022634814720098305,2018-07-27 00:08:34,4 hour charts for the Group 3 instruments are available for members viewing @ the site  ,0.4
#amzn,1022630822145388544,2018-07-26 23:52:42,"As much as today was historic, tomorrow may go on record as the most highly anticipated day in #FANG history. In th‚Ä¶ ",0.215
#amzn,1022628183689048064,2018-07-26 23:42:13,  $AMZN  #AMZN ,0.0
#amzn,1022626018127884288,2018-07-26 23:33:36,Bot $AMZN Jul27 #OTM #Call #butterfly 4 tonite's AMC #earnings #AMZN ,0.0
#amzn,1022622356638822401,2018-07-26 23:19:03,"amazon„ÅÆÁÑ°Âèå„Å£„Å∑„Çä„ÅåÂáÑ„ÅÑ‚Ä•
#amazon #AMZN",0.0
#amzn,1022609791196250113,2018-07-26 22:29:08,"@ 300x Earnings !? (Yikes) &amp; less profitable than most peers, I'd guess that #Amzn is w/i 5% of a top &amp; profit taki‚Ä¶ ",0.2777777777777778
#amzn,1023829385252687872,2018-07-30 07:15:21,"Someone's willing to destroy them both, but who?  #BookPromo #AMZN¬†$2.99 3-DAYS ONLY! #WriterRT¬†Killing¬†Secrets, KL‚Ä¶ ",0.016666666666666663
#amzn,1023799902051201024,2018-07-30 05:18:12,"Difference between New and Experienced Trader

1 - 15x Leverage ‚úÖ

‚ñ∂Ô∏è  ‚óÄÔ∏è

Register Now &amp; go‚Ä¶ ",0.4681818181818182
#amzn,1023760102732509185,2018-07-30 02:40:03,"Group 3 Stocks &amp; ETF instruments charts are updated in 4 time frames, weekly, daily , 4 hour and 1 hour. They are a‚Ä¶ ",0.0
#amzn,1023758875944779777,2018-07-30 02:35:11,"Countries banning Bitcoin

1 - 15x Leverage ‚úÖ

‚ñ∂Ô∏è  ‚óÄÔ∏è

Register Now &amp; go Longüìà or Shortüìâ on‚Ä¶ ",0.0
#amzn,1023758022882013184,2018-07-30 02:31:47,Weekly Technical Video For Group 3 Stocks &amp; ETF instruments is available for members viewing @ the website‚Ä¶ ,0.2
#amzn,1023756338432815104,2018-07-30 02:25:06,"Mum knows best

1 - 15x Leverage ‚úÖ

‚ñ∂Ô∏è  ‚óÄÔ∏è

Register Now &amp; go Longüìà or Shortüìâ on #AMZN with‚Ä¶ ",1.0
#amzn,1023712393648582656,2018-07-29 23:30:28,"Trust is all that will free a little girl of her silent prison. Killing Secrets, KL Docter #AMZN $2.99 3-DAYS ONLY!‚Ä¶ ",0.07083333333333335
#amzn,1023679706787471364,2018-07-29 21:20:35,"The Big Five - Live Technical Review of FAANG Stocks and Key Market Sectors - Come see our latest take on #AAPL,‚Ä¶ ",0.12727272727272726
#amzn,1023677043790082048,2018-07-29 21:10:00,"#AMZN - Indicador de tendencia  ""parabolic sar"" (amzn) - ",0.0
#amzn,1023646630728347649,2018-07-29 19:09:09,The Big Five FAANG Stock and Sector Service is now posted for Sunday      #AMZN #AAPL #FB‚Ä¶ ,0.0
#amzn,1023643536007356416,2018-07-29 18:56:52,Rumor has it ... #marginCall #Fb Selling Winners #AMZN #Googl #Aapl #msft to pay for margin calls,0.0
#amzn,1023639971234762753,2018-07-29 18:42:42,    _aqov üëè I wish I‚Äôd discovered #AZN* in 1994...I could have taken‚Ä¶ ,0.0
#amzn,1023632775776227328,2018-07-29 18:14:06,"This week's wrap is now... live! Check it out on the website. We discuss Facebook, Amazon and the up-coming interes‚Ä¶ ",0.17045454545454544
#amzn,1023624312618536960,2018-07-29 17:40:28,"#amzn $amzn looking a little tired rising wedge, looks ripe for a pull back  ‚Ä¶ ",-0.19583333333333333
#amzn,1023561683862601729,2018-07-29 13:31:36,"#amzn 
#Amazon 
Gravestone Doji on Friday ?
Now below $ 1818 level if trades with volumes and closes below :
Target‚Ä¶ ",0.0
#amzn,1023544967468380160,2018-07-29 12:25:11,"Mum knows best

1 - 15x Leverage ‚úÖ

‚ñ∂Ô∏è  ‚óÄÔ∏è

Register Now &amp; go Longüìà or Shortüìâ on #AMZN with‚Ä¶ ",1.0
#amzn,1023543832233705474,2018-07-29 12:20:40,"Technical Analysis: Amazon #amzn



#sp500 #trading #investing #stockmarket #stocks‚Ä¶ ",0.0
#amzn,1023542421219684352,2018-07-29 12:15:04,"Countries banning Bitcoin

1 - 15x Leverage ‚úÖ

‚ñ∂Ô∏è  ‚óÄÔ∏è

Register Now &amp; go Longüìà or Shortüìâ on‚Ä¶ ",0.0
#amzn,1023531961783074816,2018-07-29 11:33:30,"""De √§r en stor inspirationsk√§lla f√∂r oss, men ocks√• en v√§ldigt stark konkurrent."" 

 #AMZN‚Ä¶ ",-0.2
#amzn,1023497381113933824,2018-07-29 09:16:05,"Difference between New and Experienced Trader

1 - 15x Leverage ‚úÖ

‚ñ∂Ô∏è  ‚óÄÔ∏è

Register Now &amp; go‚Ä¶ ",0.4681818181818182
#amzn,1023448571369218049,2018-07-29 06:02:08,"Difference between New and Experienced Trader

1 - 15x Leverage ‚úÖ

‚ñ∂Ô∏è  ‚óÄÔ∏è

Register Now &amp; go‚Ä¶ ",0.4681818181818182
#amzn,1023424350609760256,2018-07-29 04:25:54,Twitter is cheap right now. Who will buy them out at a price of $50 + a share? $twtr #twtr #twitter $amzn #amzn‚Ä¶ ,0.34285714285714286
#amzn,1023415804040237056,2018-07-29 03:51:56,üëÄ #Amazon #AMZN #AmazonHealth in Ref 2 ur online #VisionCare #EyeProducts thanks for delivering Hot Temperature... ,0.225
#amzn,1023415756418101248,2018-07-29 03:51:45,üëÄ #Amazon #AMZN #AmazonHealth in Ref 2 ur online #VisionCare #EyeProducts thanks for delivering Hot Temperature‚Ä¶ ,0.225
#amzn,1023391205915324419,2018-07-29 02:14:11,"Countries banning Bitcoin

1 - 15x Leverage ‚úÖ

‚ñ∂Ô∏è  ‚óÄÔ∏è

Register Now &amp; go Longüìà or Shortüìâ on‚Ä¶ ",0.0
#amzn,1023388667577069569,2018-07-29 02:04:06,"Mum knows best

1 - 15x Leverage ‚úÖ

‚ñ∂Ô∏è  ‚óÄÔ∏è

Register Now &amp; go Longüìà or Shortüìâ on #AMZN with‚Ä¶ ",1.0
#amzn,1023379845617610752,2018-07-29 01:29:03, #AMZN was positive and it sold off from the open. That is what counts. End of story. I don‚Äôt pay attenti‚Ä¶ ,0.11363636363636363
#amzn,1023345395580252160,2018-07-28 23:12:09,"$AMZN We're a sport, MM's told us to short. We did what we was taught. MSP ALGO wreck the MM's techs!! #AMZN $SPY ",0.0
#amzn,1023313619788996609,2018-07-28 21:05:53, Couldn‚Äôt agree more. I was a late 90s early-adopter of #AMZN - so a long track record. Hardly ever‚Ä¶ ,-0.035416666666666666
#amzn,1023249827713507328,2018-07-28 16:52:24,The FAANG-nary In The Coal Mine  #Fang #Fangs #FAANG #Netflix #NFLX #Facebook #FB #Amazon‚Ä¶ ,0.0
#amzn,1023218052731727872,2018-07-28 14:46:08,"#AMZN $AMZN QUARTERLY 

Trying to get my head around this one ",0.0
#amzn,1023217455794204674,2018-07-28 14:43:46,#AMZN $AMZN MONTHLY Well those 2 Yellows back in 2006 &amp; 2007 paid. Whats even more interesting is the Green Bars in‚Ä¶ ,0.2
#amzn,1023207950163140608,2018-07-28 14:06:00,"Investors be warned: what goes up must come down. Relentless growth is unsustainable unless, as #Bezos has predicte‚Ä¶ ",-0.15555555555555559
#amzn,1023207182152687617,2018-07-28 14:02:57,"Todo lo que  y Charlie Munger han dicho hist√≥ricamente acerca de Amazon (#AMZN) y Jeff Bezos, v√≠deo (‚Ä¶ ",0.0
#amzn,1023200847445065728,2018-07-28 13:37:46,"Amazon shares gained over 95,000% since IPO in May 1997, an annualized return of 38%. #AMAZON #AMZN ",0.0
#amzn,1023179805213319168,2018-07-28 12:14:09,"Mum knows best

1 - 15x Leverage ‚úÖ

‚ñ∂Ô∏è  ‚óÄÔ∏è

Register Now &amp; go Longüìà or Shortüìâ on #AMZN with‚Ä¶ ",1.0
#amzn,1023179494612525056,2018-07-28 12:12:55,It's still day one. #AMZN ,0.0
#amzn,1023177269009899521,2018-07-28 12:04:05,"Countries banning Bitcoin

1 - 15x Leverage ‚úÖ

‚ñ∂Ô∏è  ‚óÄÔ∏è

Register Now &amp; go Longüìà or Shortüìâ on‚Ä¶ ",0.0
#amzn,1023172043221729280,2018-07-28 11:43:19,AMAZON INVESTORS: FORGET THE HEADLINES AND FOCUS ON THIS ONE THING $#AMZN $‚Ä¶  #stockmarket,0.0
#amzn,1023150812942491648,2018-07-28 10:18:57,Proof that investing is a long-term game #amzn #Amazon ,-0.4
#amzn,1023140696037961728,2018-07-28 09:38:45,#eStocks share price performance #chart: #TWTR v #NFLX v #AMZN v #MSFT v #GOOG v #AAPL v #FB (10 months).‚Ä¶ ,0.0
#amzn,1023131246023651328,2018-07-28 09:01:12,"Difference between New and Experienced Trader

1 - 15x Leverage ‚úÖ

‚ñ∂Ô∏è  ‚óÄÔ∏è

Register Now &amp; go‚Ä¶ ",0.4681818181818182
#amzn,1023098227623485440,2018-07-28 06:50:00,#AMZN - FAANG-Aktien ‚Äì Pacemaker mit Knick - ,0.0
#amzn,1023095712161062913,2018-07-28 06:40:00,#AMZN -  - ,0.0
#amzn,1023093195763142656,2018-07-28 06:30:00,#AMZN - FAANG-Aktien ‚Äì Pacemaker mit Knick - ,0.0
#amzn,1023031544276033538,2018-07-28 02:25:01,Profits happy with $AMZN: 73.74% gain since 12 months ago  #AMZN,0.8
#amzn,1023025668886548480,2018-07-28 02:01:41,Our alerts are leading &amp; come out before the reversal even begin on charts &amp; trading  bot. AKA #AMZN Price was stil‚Ä¶ ,0.0
#amzn,1023021356999356416,2018-07-28 01:44:32,"#NFLX , #AMZN , #FB , #GOOG , #MSFT , #AAPL , #NVDA , #TSLA , #TWTR „ÅÆÊ†™‰æ°Êé®Áßª„Åß„Åô„ÄÇ#TWTR „ÅØÊ¥æÊâã„Å´Âãï„Åç„Åæ„Åó„Åü„Å≠„ÄÇÊò®Êó•„ÅÆ #FB ÂêåÊßò„ÄÅÂÄãÂà•Ê†™„ÅØ„Åì„Çå„Åå„ÅÇ„Çã„Åã„Çâ„ÄÇ ",0.0
#amzn,1022987926198788096,2018-07-27 23:31:42,"#Amazon revenue growth and share price history over two decades, my first foray into using R &amp;  #rstats , g‚Ä¶ ",0.25
#amzn,1022971964627902464,2018-07-27 22:28:16, But not ! #AMZN,0.0
#amzn,1022961281651884033,2018-07-27 21:45:49, Another interesting thing is between #AMZN #NFLX #TSLA #MSFT #INTC #TWTR #AAPL #FB their charts appear‚Ä¶ ,0.5
#amzn,1022951400614121473,2018-07-27 21:06:34,"$AMZN DOMINATED BY BEARS DRAGGING THE MARKET LOWER THROUGHOUT THE DAY: 
Sentiment: Neutral #AMZN #Amazon",0.0
#amzn,1022938717458247681,2018-07-27 20:16:10,"Are you Bullish or Bearish on #AmazonüõçÔ∏è?

1 - 15x Leverage ‚úÖ

‚ñ∂Ô∏è  ‚óÄÔ∏è

Register Now &amp; go Long‚Ä¶ ",0.0
#amzn,1022936174095224833,2018-07-27 20:06:03,"Did you know that you can get paid #Bitcoin dividends
for holding your #Stocks position?

1 - 15x Leverage ‚úÖ

‚ñ∂Ô∏è‚Ä¶ ",0.0
#amzn,1022930248244125696,2018-07-27 19:42:30,"#NFLX anew low today
#FB made new cash session low
#MSFT testing 5 day old gap
#AMZN tested yesterday‚Äôs low

Would‚Ä¶ ",0.04727272727272727
#amzn,1022930162474774530,2018-07-27 19:42:10,Keystone Charts - #AMZN vs #FB -  ,0.0
#amzn,1022925484710088705,2018-07-27 19:23:35,"#LegacyMedia much more important as stock-boycott &amp; shorting targets:
*#GE for #NBC &amp; #MSNBC
*#WarnerMedia for #CNN‚Ä¶ ",0.45
#amzn,1022925367273811973,2018-07-27 19:23:07," #LegacyMedia much more important as stock-boycott &amp; shorting targets:
*#GE for #NBC &amp; #MSNBC
*‚Ä¶ ",0.45
#amzn,1022923462099128320,2018-07-27 19:15:33,#amzn flying higher and higher,0.25
#amzn,1022922362390380545,2018-07-27 19:11:10,Still holding my #googl #amzn calls and bought #spy put as hedge,0.0
#amzn,1022921062798041089,2018-07-27 19:06:00,"$AMZN Jul27 #earnings #OTM #Call #butterfly will remain OTM &amp; expire worthless as #AMZN spiked up on earnings, miss‚Ä¶ ",-0.8
#amzn,1022908123856744448,2018-07-27 18:14:36,1 hour charts for the Group 3 instruments are available for members viewing @ the site  ,0.4
#amzn,1022894929637453824,2018-07-27 17:22:10,"Fangless Market
#FeaturedPosts #Financial #ABMD #AMZN #DJI #FB #NDX #NFLX #AAPL #FAANG #Facebook #MarkZuckerberg‚Ä¶ ",0.0
#amzn,1022894429223432192,2018-07-27 17:20:11,The Group 3 Live Analysis / Trading Room video recording is available for members @ the site‚Ä¶ ,0.2681818181818182
#amzn,1022893929623158789,2018-07-27 17:18:11,"Did you know that you can use #Bitcoin to trade #Stocks?

1 - 15x Leverage ‚úÖ

‚ñ∂Ô∏è  ‚óÄÔ∏è

Regist‚Ä¶ ",0.0
#amzn,1022893316801609728,2018-07-27 17:15:45,Holding #Googl #amzn calls into the weekend no matter how lower it goes today,0.0
#amzn,1022889598299516929,2018-07-27 17:00:59, #AMZN will go in the red,0.0
#amzn,1022889237581123586,2018-07-27 16:59:33,$AMZN $1813/1810/1808  MSP Pin ALGO off the chain. Gave us clues to what price had to do based on MM's greed to PIN #AMZN,0.0
#amzn,1022887102520942593,2018-07-27 16:51:04,"Amazon Earnings Preview, &amp; Trending Reports from FB, AMD, and MCD | Free Lunch | #amazon #amzn #daytrading‚Ä¶ ",0.4
#amzn,1022885835098607622,2018-07-27 16:46:02,#AMZN staring at red.  Markets will go with it...,0.0
#amzn,1022885475370061824,2018-07-27 16:44:36,Keystone Charts - #AMZN vs #FB -  ,0.0
#amzn,1022885228258500609,2018-07-27 16:43:37,Had Puts? Check $SPY $TSLA $GOOGL $AMZN $QQQ bought yesterday besides #AMZN,0.0
#amzn,1022882982762344448,2018-07-27 16:34:41,$AMZN The institutional traders MSP ALGO Money Flow follow that give us our signals. We only follow them &amp; MM's Dum‚Ä¶ ,0.0
#amzn,1022879282341859328,2018-07-27 16:19:59,#AMZN ,0.0
#amzn,1022876118360047616,2018-07-27 16:07:25,#amzn #googl the strongest in this dip,0.0
#amzn,1022867595379335168,2018-07-27 15:33:33,"#MSFT hammered
#AMZN spanked
#AAPL Red but trying to bounce
#RUT in woodshed",0.0
#amzn,1022865698521894912,2018-07-27 15:26:01,In other News:  working on digitally remastering the Road Runner/Wile E. Coyote animated shorts and i‚Ä¶ ,-0.0625
#amzn,1022862678212182016,2018-07-27 15:14:01, did i just hear Gene Munster insinuate #AMZN slightly overvalued?? It seems moving from SS to BS has changed his perspective.,-0.16666666666666666
#amzn,1022858188360536064,2018-07-27 14:56:10,Theres no proof to charts they said - #AMZN chart ,0.0
#amzn,1022857929102446592,2018-07-27 14:55:08,wth pullbk likely deep pllbk will buy #NQ_F very strong difference from 99 bubble #AMZN #AAPL  #FB #GOOG tjy r‚Ä¶ ,0.1877777777777778
#amzn,1022856772195893250,2018-07-27 14:50:32,"1/2 #AMZN Amazon's market cap now over $920 billion, can it beat #APPL to be the first trillion dollar company in t‚Ä¶ ",0.25
#amzn,1022855990322982912,2018-07-27 14:47:26,Charts dont work they said - #AMZN chart ,0.0
#amzn,1022853392828432386,2018-07-27 14:37:07,And Kylie Jenner making 1M per instagram post...all the earmarks of one fantabulous #BUBBLE #AMZN #FANGS...have peo‚Ä¶ ,0.0
#amzn,1022852412497965056,2018-07-27 14:33:13,"Was reminiscing on how we had not seen ""mania"" like #btc in some time and may not again in the near future.  Howeve‚Ä¶ ",0.05
#amzn,1022849989167534081,2018-07-27 14:23:35,10 Year Bull Market has left with no sellers; No Liquidity; All that is left is Momentum traders!. #FB #TWTR is now‚Ä¶ ,0.0
#amzn,1022847300018884608,2018-07-27 14:12:54, #TWTR #FB #AMZN $SPX $SPY $SSO $UPRO $QLD $DDM $NDX $DOW #YEP #LOL #WOW #XD #AWESOME ,0.6333333333333333
#amzn,1022847237171363841,2018-07-27 14:12:39,"Which #Stock is a better Investment? Little bit old video but still valid. #Alibaba or #Amazon? #baba or #amzn 

",0.13749999999999998
#amzn,1022847001417994240,2018-07-27 14:11:43," is the best way to learn to trade options. Check them out, they are tops in education! Love the ""vol‚Ä¶ ",0.75
#amzn,1022846518645141505,2018-07-27 14:09:48,"Amazon earnings: #AMZN quarterly profits topped $2 billion (¬£1.52 billion) for the first time, sending shares to a‚Ä¶ ",0.25
#amzn,1022845055948611585,2018-07-27 14:03:59,AMZN - #AMZN chart ,0.0
#amzn,1022842036179927045,2018-07-27 13:51:59,Amazon rises on the open with shares 3% higher than yesterday's close.....looks like it is over to Apple to attempt‚Ä¶ ,0.125
#amzn,1022841531521294341,2018-07-27 13:49:59,Positive results from #AMZN !! Double from estimates! #Amazon may topple Apple Inc. run for 1 Trillion Dollar Mark!‚Ä¶ ,0.17755681818181818
#amzn,1022836636244234240,2018-07-27 13:30:32,"üìà Amazon #amzn just hit a 52 week high of $1,879.72

Keep track with #Invstr  ",0.16
#amzn,1022834320564805632,2018-07-27 13:21:20,"Le PER n‚Äôest plus que de 150 üò¨
#Amzn ",0.0
#amzn,1022831964271923200,2018-07-27 13:11:58,"Retweeted Swing Trade Warrior ():

Hot Stocks To Watch 7/27/2018  #amzn‚Ä¶ ",0.25
#amzn,1022831658557423616,2018-07-27 13:10:45,Hot Stocks To Watch 7/27/2018  #amzn #economiccalendar #fb #googl #intc #qqq #spy #twtr #xom ,0.25
#amzn,1022831632447889409,2018-07-27 13:10:39,Hot Stocks To Watch 7/27/2018  #amzn #economiccalendar #fb #googl #intc #qqq #spy #twtr #xom ,0.25
#amzn,1022831501900230657,2018-07-27 13:10:08,Hot Stocks To Watch 7/27/2018  #amzn #economiccalendar #fb #googl #intc #qqq #spy #twtr #xom ,0.25
#amzn,1022831464159821825,2018-07-27 13:09:59,Hot Stocks To Watch 7/27/2018  #amzn #economiccalendar #fb #googl #intc #qqq #spy #twtr #xom ,0.25
#amzn,1022830506247897088,2018-07-27 13:06:10,Stock Market 411: Amazon Stock Keeps on Beasting  #Amazon #AMZN #stocktips #Amazonstock,0.0
#amzn,1022830263813001216,2018-07-27 13:05:12,"Mum knows best

1 - 15x Leverage ‚úÖ

‚ñ∂Ô∏è  ‚óÄÔ∏è

Register Now &amp; go Longüìà or Shortüìâ on #AMZN with‚Ä¶ ",1.0
#amzn,1022820796715200512,2018-07-27 12:27:35, launch in Italy &amp; Spain is also mentioned in our quarterly earnings release here:‚Ä¶ ,0.0
#amzn,1022820183763771393,2018-07-27 12:25:09,"Countries banning Bitcoin

1 - 15x Leverage ‚úÖ

‚ñ∂Ô∏è  ‚óÄÔ∏è

Register Now &amp; go Longüìà or Shortüìâ on‚Ä¶ ",0.0
#amzn,1022818920632381441,2018-07-27 12:20:08,Group 3 Live Analysis &amp; Trading Session Starts @ 8:45 AM EDT / 12:45 PM GMT /1:45 PM BST; Members link is available‚Ä¶ ,0.13636363636363635
#amzn,1022817042859208705,2018-07-27 12:12:40,"(Guess it‚Äôs #Amazon Friday). In the race to get to $1 trillion valuation first, Amazon‚Äôs #quarterlyearnings didn‚Äôt‚Ä¶ ",0.25
#amzn,1022816092782321664,2018-07-27 12:08:54,#Amazon can turn huge profits wheeeeeenever it wants  #AMZN #Bezos #TMtmDailyBuzz,0.30000000000000004
#amzn,1022815329930567680,2018-07-27 12:05:52,#AMZN  beat earnings by dialing back on cloud and fulfillment center capex spend. To catch up with WMT sales &amp; defe‚Ä¶ ,-0.05
#amzn,1022814495406731264,2018-07-27 12:02:33,Wow #AMZN earnings.,0.1
#amzn,1022805200762019840,2018-07-27 11:25:37,10 Things to Know for Today  #LyudmilaRudenko #TreasureMapInFlushFactory #LunarEclipseJuly2018 #AMZN #PhilElverum‚Ä¶ ,0.0
#amzn,1022800444983336960,2018-07-27 11:06:43,"AMZN #RK #amzn $amzn #amazon
#ADSS UAE ",0.0
#amzn,1022798447471194112,2018-07-27 10:58:47,#AMZN ,0.0
#amzn,1022790964555988993,2018-07-27 10:29:03," Man skulle k√∂pt ig√•r om man haft n√•gra f√• dollar i handen. FBs problem √§r att de ""bara"" √§r en annonspelare‚Ä¶ ",0.0
#amzn,1022783206255484928,2018-07-27 09:58:13, #AMZN share holders have won a lot today . See if someone is so kind to help you out . Let's try‚Ä¶ ,0.6
#amzn,1022781012038828032,2018-07-27 09:49:30,"#AMZN premarket 1,880 $ wow Possible 1,900 before the bell. TP 2000-2200 end 2018 TP 3,000 end 2019 (and I'm conservative) Big Money",0.03333333333333333
#amzn,1022780692772675586,2018-07-27 09:48:14,"GET THE BEST #SILVERGEMSTONE JEWELLERY AND #ENGRAVINGS 

#FridayFeeling #NorfolkDay‚Ä¶ ",1.0
#amzn,1022775564317405184,2018-07-27 09:27:51,"Going into Friday, üëÄeyes on Amazon stock...
#AMZN
#DeepState ",0.0
#amzn,1022773871932567553,2018-07-27 09:21:07,"Difference between New and Experienced Trader

1 - 15x Leverage ‚úÖ

‚ñ∂Ô∏è  ‚óÄÔ∏è

Register Now &amp; go‚Ä¶ ",0.4681818181818182
#amzn,1022767566408826880,2018-07-27 08:56:04, . Tell that dude talking #Amazon that this company is an etailer selling real products. Am‚Ä¶ ,0.2
#amzn,1022766038918656000,2018-07-27 08:50:00,#AMZN - #Amazon mid term trend analysis - ,0.0
#amzn,1022759770078339073,2018-07-27 08:25:05,"As you see the #AMZN contract was losing 39 $ yesterday, but I‚Äôm confident with all increase in aftermarket, the co‚Ä¶ ",0.5
#amzn,1022757377429270528,2018-07-27 08:15:35,"#AMZN I sold 1760 and bought 1752.5. these two legs deposited in my account 250 $, So I hope to buy them back tonig‚Ä¶ ",0.0
#amzn,1022750654287101952,2018-07-27 07:48:52,As I mentioned before  my budget is 1000$ and I made two transactions this week one with #SPX and the other with‚Ä¶ ,-0.125
#amzn,1022750256419794945,2018-07-27 07:47:17,"yesterday I had bought #GM,#AMZN,#twitter,#XOM , im waiting for market opening to see the results
#trade #eps‚Ä¶ ",0.0
#amzn,1022741653134761985,2018-07-27 07:13:06,"Amazon earnings:
EPS: $5.07 versus expected $2.47.
Revenue: $52.89 billion versus expected $53.37 billion.
#Amazon‚Ä¶ ",-0.1
#amzn,1022739568326574080,2018-07-27 07:04:49,Fredag üåû och ny kr√∂nika publicerad om vinster som ligger i framtiden. #AMZN #NFLX ,0.0
#amzn,1022730525574934528,2018-07-27 06:28:53,#Amzn short sold with a little loss ,-0.09375
#amzn,1022728059458408449,2018-07-27 06:19:05,AMAZON - Reported a huge beat on Profits. EPS more  than double the expectation $5.07 vs. $2.50.  Narrow miss on re‚Ä¶ ,0.17500000000000004
#amzn,1022718823709913089,2018-07-27 05:42:23,$AMZN #Q2 had a 188 points move afterhours in 4 minutes from 1706 to almost 1896 dollars..But started from 1863 dol‚Ä¶ ,0.0
#amzn,1022718278320488449,2018-07-27 05:40:13,"Amazon Stock Leaps on Massive Earnings Beat - U.S. News &amp; World Report #Amzn #news
 ",0.0
#amzn,1022714694690373632,2018-07-27 05:25:58,"Amazon chockar med nya j√§ttevinster p√• nya omr√•den: moln, n√§treklam etc. Undrar n√§r #Amzn lanserar en kryptovaluta?‚Ä¶ ",0.0
#amzn,1022712778253983744,2018-07-27 05:18:22,Part 3/Á¨¨‰∏âÁØÄ/Á¨¨‰∏âÂõû Why captivity for #dolphins is wrong. ÁÇ∫‰ΩïÂúèÈ§äÊµ∑Ë±öÊòØÈåØÁöÑÔºÅ #„Ç§„É´„Ç´ „ÅÆÊçïÁç≤È£ºËÇ≤„Åå„ÅÑ„Åë„Å™„ÅÑÁêÜÁî±„ÄÇ #„Ç§„É´„Ç´Â§©‰Ωø  ,-0.5
#amzn,1022707681612705792,2018-07-27 04:58:06,"Despite surprisingly good #AMZN earnings report, stocks has fallen by $55. Your thoughts? ",0.7
#amzn,1022705087515426817,2018-07-27 04:47:48, When do you think the next domino will fall. #AMZN or #ADBE or #NFLX,0.0
#amzn,1022690166916313088,2018-07-27 03:48:31,"_japan Ê°àÂ§ñ„ÄÅÊ≠£„Åó„Åã„Å£„Åü„Çä„Åó„Å¶‚Ä¶„ÄÇ

#AMZN
#AI
QT _japan: „Ç¢„Éû„Çæ„É≥„ÅÆÈ°îË™çË≠òÊäÄË°ì„ÄÅÁ±≥Ë≠∞Âì°28‰∫∫„ÅÆÈ°î„ÇíÁäØÁΩ™ËÄÖ„Å®Ë™§Ë™ç--‰∫∫Ê®©Âõ£‰Ωì„ÅåÂ†±Âëä ",0.0
#amzn,1022687738712215552,2018-07-27 03:38:52,$AMZN - 188 points move in 4 minuets..@ 4:01 = 1706 &amp; @ 4:04 = 1894 .. imagine if someone caught this move !!! 1K b‚Ä¶ ,0.0
#amzn,1022684058176966657,2018-07-27 03:24:14,Amazon continues its streak of profitability with a quarterly record  via  #AMZN,0.0
#amzn,1022680887736066048,2018-07-27 03:11:38,What will the TWITTER stock price be at the end of the day tomorrow? $twtr #twtr #twitter #earnings $spy $Nasdaq‚Ä¶ ,0.0
#amzn,1022676921291685888,2018-07-27 02:55:53,$AMZN  - #AMZN chart ,0.0
#amzn,1022662812554932225,2018-07-27 01:59:49,$AMZN Big Boy's was running out of #AMZN today. Scared of ER Good ER play. Probably Expected moves Drop Chop Pop! ! LOL  $SPY,0.3359375
#amzn,1022661161647579136,2018-07-27 01:53:15,"Come on....try it.  What do you have to lose?  You will be hooked. If you do join us, jump in on Discord voice.  We‚Ä¶ ",0.0
#amzn,1022650752823635969,2018-07-27 01:11:54,1hour post market charts for the Group 3 instruments are available for members viewing @ the site‚Ä¶ ,0.4
#amzn,1022638115536531459,2018-07-27 00:21:41,Ok #AMZN is not going to $3000 by next qtr.  Stock has peaked at these levels. + that AMZN can show more profitabil‚Ä¶ ,0.3333333333333333
#amzn,1022634814720098305,2018-07-27 00:08:34,4 hour charts for the Group 3 instruments are available for members viewing @ the site  ,0.4
#amzn,1022630822145388544,2018-07-26 23:52:42,"As much as today was historic, tomorrow may go on record as the most highly anticipated day in #FANG history. In th‚Ä¶ ",0.215
#amzn,1022628183689048064,2018-07-26 23:42:13,  $AMZN  #AMZN ,0.0
#amzn,1022626018127884288,2018-07-26 23:33:36,Bot $AMZN Jul27 #OTM #Call #butterfly 4 tonite's AMC #earnings #AMZN ,0.0
#amzn,1022622356638822401,2018-07-26 23:19:03,"amazon„ÅÆÁÑ°Âèå„Å£„Å∑„Çä„ÅåÂáÑ„ÅÑ‚Ä•
#amazon #AMZN",0.0
#amzn,1022609791196250113,2018-07-26 22:29:08,"@ 300x Earnings !? (Yikes) &amp; less profitable than most peers, I'd guess that #Amzn is w/i 5% of a top &amp; profit taki‚Ä¶ ",0.2777777777777778
#amzn,1022607342808911873,2018-07-26 22:19:24,"#AMZN(#AmazonÔºâ„ÅÆ #Ê†™‰æ° „ÅØÊ±∫ÁÆó„ÄÇÁ¢∫ÂÆöÂ£≤„Çä„ÇÇ„ÅÇ„Çä„ÄÅ„Ç¨„ÉÑ„Å£„Å®‰∏ã„Åí„Å¶„Ç¨„ÉÑ„Å£„Å®Êàª„Åó„ÄÇ„ÅÑ„ÅæÊôÇÈñìÂ§ñ„ÅßÔºÑ1868.91

„Åù„ÅÆ„Åæ„Åæ‰∏ä„Å®‰∏ã„Åß„ÅÆÂèñÂºï„ÅØÈõ£„Åó„Åã„Å£„Åü„Çç„ÅÜ„Åë„Å©„ÄÅ„Åß„Åç„Çå„Å∞Â§ß„Åç„ÅÑ„Éú„É©„Åß„Åó„Åü„ÄÇ
Êò®Êó•„ÅÆ„ÉÑ„Ç§ÈÄö„Çä„ÄÇ„Å¶„Åã„ÄÅ„Åì„Åì„ÅØÊàª„Çã„Åã‚Ä¶ ",0.0
#amzn,1022607018610253824,2018-07-26 22:18:07,"Final #AMZN #PutCallRatios for Thursday, July 26, 2018  ",0.0
#amzn,1022607017368670214,2018-07-26 22:18:06,"Final #AMZN #PutCallRatios for Thursday, July 26, 2018  ",0.0
#amzn,1022607017289035776,2018-07-26 22:18:06,"Final #AMZN #PutCallRatios for Thursday, July 26, 2018  ",0.0
#amzn,1022604995810734080,2018-07-26 22:10:04,_Trader $AMZN  #AMZN ,0.0
#amzn,1022604332569649154,2018-07-26 22:07:26, #NAH $AMZN  #AMZN ,0.0
#amzn,1022601157221515264,2018-07-26 21:54:49,Have we got an HQ2 timing question yet? #amzn,0.0
#amzn,1022598331342761985,2018-07-26 21:43:35,Humanity's rating for the last trend was 0. The new trend is #AMZN. What do think? Vote by replying with #Bloom or #Gloom!,-0.010101010101010102
#amzn,1022597810984693760,2018-07-26 21:41:31,_Schro Yet any other stock that has a sales miss would be way down.. Why not #AMZN ?,-0.14027777777777778
#amzn,1022596014325133312,2018-07-26 21:34:23,_Schro #AMZN had a miss... Should be selling off,0.0
#amzn,1022594718230867968,2018-07-26 21:29:14,"Amazon Stock Leaps on Massive Earnings Beat | Chaitanya Chandrasekar, co-founder &amp; CEO , and Said Ou‚Ä¶ ",0.0
#amzn,1022592841573392389,2018-07-26 21:21:46,Earnings: Amazon (AMZN) Q2 EPS $5.07 vs $2.50 Est; Q2 Revs $52.89B vs $53.41B Est ‚Ä¢ #Amazon (AMZN) shares jump more‚Ä¶ ,0.0
#amzn,1022592247181729792,2018-07-26 21:19:25,#Amazon  #AMZN 2018Âπ¥2QÊ±∫ÁÆó„ÄÇÂ£≤‰∏äÈ´ò$52.9B(ÂâçÂπ¥ÊØî+39%)„ÄÇÂñ∂Ê•≠Âà©Áõä$3.0B(ÂâçÂπ¥ÊØî+475%)„ÄÇEPS$5.07(ÂâçÂπ¥ÊØî+1268%)„ÄÇÂ£≤‰∏äÈ´òÊàêÈï∑Áéá„ÅØÂåóÁ±≥47%„ÄÅ#AWS 49%„ÄÅÊµ∑Â§ñ27%„ÄÇÂåóÁ±≥„Å®‚Ä¶ ,0.0
#amzn,1022592002519527424,2018-07-26 21:18:26,Here's a hockey stick graph for you :) #AWS #AMZN  ,0.5
#amzn,1022589628329680901,2018-07-26 21:09:00,Earnings:  Q2 EPS $5.07 vs. $2.50 Est.; Q2 Revs. $52.89B vs. $53.41B Est. ‚Ä¢‚Ä¶ ,0.0
#amzn,1022588844913426439,2018-07-26 21:05:54,I did a little research and noticed amazon didn't buy ads on Google for a while in April.  It is possible this caus‚Ä¶ ,-0.09375
#amzn,1022588782405672960,2018-07-26 21:05:39,#AMZN $AMZN #OptionsTrading #stocks My chin was hangin way out there for todays earnings.  Like a degenerate gamble‚Ä¶ ,0.0
#amzn,1022588202597720066,2018-07-26 21:03:20,EARNINGS:  Q2 EPS $5.07 vs. $2.50 Est.; Q2 Revs. $52.89B vs. $53.41B Est. ‚Ä¢‚Ä¶ ,0.0
#amzn,1022587036069445637,2018-07-26 20:58:42,After #AMZN Earnings #NQ_F goes for a wild ride including being halted for 10 seconds #WhatYouCanSeeWithV3 ,0.1
#amzn,1022586798751404032,2018-07-26 20:57:46,As #GoogleNext2018 pours more into the cloud business along with #microsoft Azure growing rapidly.  #AMZN could wil‚Ä¶ ,0.5
#amzn,1022584440541917184,2018-07-26 20:48:23,"#AMZN Drops Then Jumps After Smashing EPS But Missing On Revenue, Guidance $AMZN ",-0.2
#amzn,1022583570794131456,2018-07-26 20:44:56,"Trump is going to absolutely spaze out with jealousy at Amazon's crushing of earnings today. 

They obviously need‚Ä¶ ",0.20000000000000004
#amzn,1022582631823683584,2018-07-26 20:41:12,"Public Service Announcement $AMZN did release earnings between 3:00 and 3:15, Advances in /NQ and /ES will be under‚Ä¶ ",0.0
#amzn,1022582446179667969,2018-07-26 20:40:28,"Amazon Stock Leaps on Massive Earnings Beat - U.S. News &amp; World Report #AMZN #news
 ",0.0
#amzn,1022581591523123206,2018-07-26 20:37:04,"Interesting day. #FB missed estimates and got crushed, down 19%. I bought more. #AMZN went down in sympathy, but is‚Ä¶ ",0.11777777777777779
#amzn,1022581170545086464,2018-07-26 20:35:24,Amazon's quarterly profit tops $2 billion for first time $AMZN #AMZN #Technology #Firsttimeevents #Earningsreports ,0.25
#amzn,1022581157886676992,2018-07-26 20:35:21,Amazon's quarterly profit tops $2 billion for first time $AMZN #AMZN #Technology #Firsttimeevents #Earningsreports ,0.25
#amzn,1022578081662468096,2018-07-26 20:23:07,"Are you Bullish or Bearish on #AmazonüõçÔ∏è?

1 - 15x Leverage ‚úÖ

‚ñ∂Ô∏è  ‚óÄÔ∏è

Register Now &amp; go Long‚Ä¶ ",0.0
#amzn,1022577915517648896,2018-07-26 20:22:28," #AMZN Big Profit Beat. Tepid Market Response. Alexa, what gives?",0.0
#amzn,1022577795497644032,2018-07-26 20:21:59,I deleted my #AMZN account last year. I'd rather support Main Street than a monopoly.,0.08333333333333333
#amzn,1022577509605376000,2018-07-26 20:20:51,Amazon second-quarter revenue jumps 39 percent  #AMZN,0.0
#amzn,1022577494774439939,2018-07-26 20:20:47,"$AMZN PLUMMETS, LOSES $55.61 (-2.98%) WITHIN A SINGLE DAY: 
Sentiment: Very bearish #AMZN #Amazon",-0.05714285714285714
#amzn,1022577143153287168,2018-07-26 20:19:24,Amazon misses on revenue but earnings came in more than double what the Street expected  #AMZN,0.13333333333333333
#amzn,1022576743515873310,2018-07-26 20:17:48,AMAZON  - Beats Estimates - This Bull Market Is One Of The Greatest in History ! - Is Amazon going to become The Bi‚Ä¶ ,1.0
#amzn,1022576001317068807,2018-07-26 20:14:51,"Amazon's predicted 500 per cent increase on EPS was way off, with actual results showing DOUBLE that.

EPS now at $‚Ä¶ ",0.0
#amzn,1022575781011058689,2018-07-26 20:13:59,#amzn #Amazon earnings. Missed on Rev but beat on profits. Q# rev guidance is also weak.  Stock has peaked for now‚Ä¶ ,-0.375
#amzn,1022575585481117698,2018-07-26 20:13:12,"Did you know that you can get paid #Bitcoin dividends
for holding your #Stocks position?

1 - 15x Leverage ‚úÖ

‚ñ∂Ô∏è‚Ä¶ ",0.0
#amzn,1022575489565650944,2018-07-26 20:12:49,I wonder when amazon will acquire Starbucks. #amzn #sbux,0.0
#amzn,1022575419290083328,2018-07-26 20:12:33,"#AMZN huge beat on EPS, but these are growth stories... Not thrilled about missing rev and lower range on Q3 revenu‚Ä¶ ",-0.033333333333333305
#amzn,1022574753465479174,2018-07-26 20:09:54,"#Amazon earnings top $2 billion for record quarter, stock gains $AMZN #AMZN
",0.5
#amzn,1022573902478757888,2018-07-26 20:06:31,lol #AMZN ,0.8
#amzn,1022573735583408129,2018-07-26 20:05:51,Drop then pop! #Amazon #AMZN ,0.0
#amzn,1022573558667587584,2018-07-26 20:05:09,Amazon :) Beklentilerden 2 kat daha iyi gelen k√¢r #AMZN #FAANG ,0.5
#amzn,1022573514753224705,2018-07-26 20:04:59,#AMZN IS UP $77.000877777777 !!!!!!!!,0.0
#amzn,1022573220220858369,2018-07-26 20:03:48,#AMZN IS UP $70.000877777777 !!!!!!!!!,0.0
#amzn,1022572895002943490,2018-07-26 20:02:31,#AMZN IS UP $31.000877777777 !!!!!!!!,0.0
#amzn,1022570257297408000,2018-07-26 19:52:02,#AMZN,0.0
#amzn,1022569056191373314,2018-07-26 19:47:16,Jack Gleason Founder of  with Tom &amp; Tommy to discuss the market action in the Russell 2000‚Ä¶ ,0.1
#amzn,1022568667681316868,2018-07-26 19:45:43,What happens if #AMZN missed and the admins precious #GDP is weak? Ouch.,0.0625
#amzn,1022566121931767808,2018-07-26 19:35:36,Waiting for $AMZN earnings call to begin #AMZN #Earnings A 14.5% gain to become first $1 trillion company üìà ,0.25
#amzn,1022564486123802624,2018-07-26 19:29:06,Is $AMZN going to POP for ER? Seems like it popped for ER every few weeks. How much is #AMZN worth? The institutional  investors stock,0.09999999999999999
#amzn,1022559854597156864,2018-07-26 19:10:42, #AMZN tonight,0.0
#amzn,1022558347151601664,2018-07-26 19:04:42,"The volume is crazy....something wrong w/ $AMZN PUTS up +1180%
NEVER SEEN A DAY LIKE THIS!

#AMZN P 27JUL18 1400 (1‚Ä¶ ",-0.625
#amzn,1022552717846298624,2018-07-26 18:42:20,#amzn #earnings don't let me down like #fb and #nflx,-0.15555555555555559
#amzn,1022552049748201473,2018-07-26 18:39:41,"$AMZN Have earnings after hours. If #AMZN drop $500 then $SPY may hit $280.5  ER control price action, but MM's win 99% of the time",0.45
#amzn,1022550762402926592,2018-07-26 18:34:34,"IF AMZN do FB, Remember the GAP - #AMZN chart ",0.0
#amzn,1022550267341033472,2018-07-26 18:32:36,_Away_  UP WE GO DOGGIES...NQ GONNA POP 50-100 points after stocks close. AMZN to 1900 $AMZN‚Ä¶ ,0.0
#amzn,1022542323576696832,2018-07-26 18:01:02,Will #Amazon #AMZN become the worlds first $1trillion company? They report after the US closing bell today. It woul‚Ä¶ ,0.25
#amzn,1022532786203312129,2018-07-26 17:23:08,"Did you know that you can use #Bitcoin to trade #Stocks?

1 - 15x Leverage ‚úÖ

‚ñ∂Ô∏è  ‚óÄÔ∏è

Regist‚Ä¶ ",0.0
#amzn,1022532043698266112,2018-07-26 17:20:11,The Group 3 Live Analysis / Trading Room video recording is available for members @ the site‚Ä¶ ,0.2681818181818182
#amzn,1022528330006839296,2018-07-26 17:05:26,AMZN - #AMZN chart ,0.0
#amzn,1022523146702921728,2018-07-26 16:44:50,*Holds breath for #AMZN earnings*,0.0
#amzn,1022518886682570757,2018-07-26 16:27:54,Pentagon takes step closer to awarding its $10 billion cloud contract - #AMZN ,0.0
#amzn,1022514943952932864,2018-07-26 16:12:14, Har f√•tt en tillr√§ckligt stor smocka av #FB idag s√• jag hoppas p√• lite roligare fr√•n #AMZN...,0.0
#amzn,1022509696496746500,2018-07-26 15:51:23,AMZN Short  - #AMZN chart ,0.0
#amzn,1022505203663167488,2018-07-26 15:33:32,"Are we going to have 1, 2 o3 r ONE trillion dollar market cap companies this quarter ?   #msft #amzn ",0.0
#amzn,1022481107080671237,2018-07-26 13:57:47," And now your platform won't let me purchase a put for #amzn. 
Great platform really...",0.5
#amzn,1022476547016597509,2018-07-26 13:39:40,And this might happen today... #AMZN ,0.0
#amzn,1022475121741582336,2018-07-26 13:34:00,"ÊÄñ„Åô„Åé„Çã‚Ä¶„ÄÇÈÅéÂéª„Å´Êï∞ÂçÅ‰∏áÂÜÜÂêπ„ÅçÈ£õ„Å∞„Åó„Åü„ÅÆ„Å®„ÅØÈÅï„ÅÜ„ÄÇ
„Åß„ÇÇ„ÅÑ„Åë„ÇãÊ∞ó„Åå„Åô„ÇãÔºÅ
Go Go #AMZN 
„Éû„Ç§„Éä„Çπ„Çπ„Çø„Éº„Éà„ÅØÂàÜ„Åã„Å£„Å¶„ÅÑ„Çã„ÄÇ
‰πÖ„ÄÖ„ÅÆÈõÜ‰∏≠ÊäïË≥á„ÅØ„Çπ„Ç§„ÉÉ„ÉÅÂÖ•„Çã„Å≠ÔºÅ",0.0
#amzn,1022473136703512576,2018-07-26 13:26:07,"Did you know that you can use #Bitcoin to trade #Stocks?

1 - 15x Leverage ‚úÖ

‚ñ∂Ô∏è  ‚óÄÔ∏è

Regist‚Ä¶ ",0.0
#amzn,1022468320342286336,2018-07-26 13:06:58,Short #AMZN ,0.0
#amzn,1022456542623354880,2018-07-26 12:20:10,Group 3 Live Analysis &amp; Trading Session Starts @ 8:45 AM EDT / 12:45 PM GMT /1:45 PM BST; Members link is available‚Ä¶ ,0.13636363636363635
#amzn,1022443593968099328,2018-07-26 11:28:43,Facebook negative after hours after earnings miss. FAANG + M this earnings season has been bumping market around (n‚Ä¶ ,-0.3
#amzn,1022428121906200576,2018-07-26 10:27:14,#Amazon #AMZN $AMZN ,0.0
#amzn,1022425078808682503,2018-07-26 10:15:09,"Did you know that you can get paid #Bitcoin dividends
for holding your #Stocks position?

1 - 15x Leverage ‚úÖ

‚ñ∂Ô∏è‚Ä¶ ",0.0
#amzn,1022422576507875328,2018-07-26 10:05:12,"Are you Bullish or Bearish on #AmazonüõçÔ∏è?

1 - 15x Leverage ‚úÖ

‚ñ∂Ô∏è  ‚óÄÔ∏è

Register Now &amp; go Long‚Ä¶ ",0.0
#amzn,1022392450281889794,2018-07-26 08:05:29,"Todays AFTER MARKET Major Earnings:
Amazon (AMZN) - EPS $2.47 &amp; Revenue $53.37B
Intel (INTC) - EPS $0.97 &amp; Revenue‚Ä¶ ",0.0625
#amzn,1022380074534883333,2018-07-26 07:16:19,"'Four', una radiograf√≠a de los nuevos cuatro gigantes corporativos de la era digital:  v√≠a‚Ä¶ ",0.0
#amzn,1022373525997461504,2018-07-26 06:50:18,"Thoughts go out to all the $AMZN bulls, if this dont blow out on earnings it probably gets smashed like $FB as the‚Ä¶ ",0.0
#amzn,1022359694277599232,2018-07-26 05:55:20,"Today's earnings:
#Amazon- After market close
#Intel - After market close
#Mastercard - Before market open‚Ä¶ ",0.0
#amzn,1022351718581825539,2018-07-26 05:23:38,#AMZN releasing earnings tomorrow...any predictions?,0.0
#amzn,1022307535481712640,2018-07-26 02:28:04,"Watch $AMZN ( Inc) after closing at $1,863.61, a 79.22% gain since 12 months ago  #AMZN",0.0
#amzn,1022296965764149248,2018-07-26 01:46:04,"Final #AMZN #PutCallRatios for Wednesday, July 25, 2018  ",0.0
#amzn,1022296960311541760,2018-07-26 01:46:03,"Final #AMZN #PutCallRatios for Wednesday, July 25, 2018  ",0.0
#amzn,1022296960043122690,2018-07-26 01:46:03,"Final #AMZN #PutCallRatios for Wednesday, July 25, 2018  ",0.0
#amzn,1022296109534916608,2018-07-26 01:42:40,The Big Five FAANG Stock and Sector Service is now posted for Wednesday  ,0.0
#amzn,1022291356796911617,2018-07-26 01:23:47,#GOOGL #NVDA #AVGO #CY #IOT #AMD #AMZN ,0.0
#amzn,1022286243306987526,2018-07-26 01:03:28,"#Earnings on 07/26/2018
#AMZN
#INTC
#RDS.A
#AMGN
#MCD
#ABEV
#BTI
#CMCSSA
#SBUX
Don't miss any earnings, open your w‚Ä¶ ",0.0
#amzn,1022284578482991104,2018-07-26 00:56:51,4 hour charts for the Group 3 instruments are available for members viewing @ the site  ,0.4
#amzn,1022278578216620035,2018-07-26 00:33:00,"On CRM: Why Did Microsoft, Amazon And Salesforce Just Invest In This CRM Company? #CRM #marketingautomation‚Ä¶ ",0.0
#amzn,1022275359956525056,2018-07-26 00:20:13,Elliott Wave Analysis: Amazon May Start Another Extension Higher - #AMZN TradingView ,0.25
#amzn,1022274221605572609,2018-07-26 00:15:42, That is the long run of what I am saying ‚Äî-&gt; lets pull back excitable expectations and let a GOOD Com‚Ä¶ ,0.21666666666666665
#amzn,1022268627989553153,2018-07-25 23:53:28,"Alexa, what are the hours of the Nice Things Store? #AMZN",0.6
#amzn,1022263951596417026,2018-07-25 23:34:53,Tech stocks poised for bloodbath on Thursday with Facebook on track for biggest drop ever  ,0.0
#amzn,1022258136739192832,2018-07-25 23:11:47," Great point!

What if #GOOG gets blowback for manipulating their earnings report 
And #AMZN also r‚Ä¶ ",1.0
#amzn,1022249629390458882,2018-07-25 22:37:58," #AMZN cloud sucks compared to ...way more expensive, lower performance and less configurable...",-0.11666666666666667
#amzn,1022248837476442113,2018-07-25 22:34:49,Imagine if #AMZN has any problem - won‚Äôt be a $160 billion market cap drop but rather a $240 billion one...,0.0
#amzn,1022246061472206848,2018-07-25 22:23:48,#bezos buying #puts ahead of #amzn earnings tomorrow ! Ohoh,0.0
#amzn,1022245547225141248,2018-07-25 22:21:45,"#AMZN(#AmazonÔºâ„ÅÆ #Ê†™‰æ° „ÅåÁµÇÂÄ§ÔºÑ1863.61„Å®‰ªäÔºÑ1825‰Ωç„Å®„ÅÇ„Åæ„Çä„Å´„ÇÇÈÅï„ÅÜ„ÅÆ„Åß„Éì„ÉÉ„ÇØ„É™„Åó„Åü„ÄÇ
Â∏ÇÂ†¥Â§ñ„ÅßÂ£≤„Çâ„Çå„Åæ„Åè„Å£„Åü„ÅÆ„ÅãÔºü

Ê±∫ÁÆó„Å´Âêë„Åë„Å¶‰∏ã„Åí„Å¶Ë≥ºÂÖ•„ÄÅÊ±∫ÁÆó„ÅßÁàÜ‰∏ä„Åí„ÄÅ„Çì„Åß„ÄÅÂ£≤„Çä„Åß‰∏ã„Åí„Çã„ÄÇ„Åß„ÇÇ„ÄÅÊúÄÁµÇÁöÑ(ÈÄöÊúüÁöÑÔºâ„Å´„ÅØ‚Ä¶ ",0.0
#amzn,1022243825295785984,2018-07-25 22:14:54,Margin calls tomorrow will be epic...esp with what looks like good odds on n #AMZN complication on earnings...AMZN chart not looking great,0.75
#amzn,1022240237206949888,2018-07-25 22:00:39, Only #AMZN left ... boy will the market respond quite well to 3/4 #FANG missing ...,-0.06666666666666667
#amzn,1022238898150404096,2018-07-25 21:55:20,Anyone feeling Lucky with #AMZN tomorrow? ,0.3333333333333333
#amzn,1022223543319199744,2018-07-25 20:54:19,oh so we buying revenue now are we #AMZN ,0.0
#amzn,1022219588765970432,2018-07-25 20:38:36,"#Acci√≥n #Amazon #AMZN
Mantiene fuerza, posible onda 5 en formaci√≥n con potencial b√∫squeda de precio a 1900 $USD
Haz‚Ä¶ ",0.0
#amzn,1022218947834331137,2018-07-25 20:36:03,"Are you Bullish or Bearish on #AmazonüõçÔ∏è?

1 - 15x Leverage ‚úÖ

‚ñ∂Ô∏è  ‚óÄÔ∏è

Register Now &amp; go Long‚Ä¶ ",0.0
#amzn,1022216449438437376,2018-07-25 20:26:08,"Did you know that you can get paid #Bitcoin dividends
for holding your #Stocks position?

1 - 15x Leverage ‚úÖ

‚ñ∂Ô∏è‚Ä¶ ",0.0
#amzn,1022215070913318912,2018-07-25 20:20:39,"$AMZN PUSHES THROUGH KEY RESISTANCE LEVEL: 
Sentiment: Bullish #AMZN #Amazon",0.0
#amzn,1022208406189432832,2018-07-25 19:54:10,#AMZN here we are 1861 $,0.0
#amzn,1022207480284241920,2018-07-25 19:50:29,"üìà Amazon #amzn just hit a 52 week high of $1,860.00

Keep track with #Invstr  ",0.16
#amzn,1022206229861609472,2018-07-25 19:45:31,"#amzn close to top 1,855 10' before the bell",0.5
#amzn,1022203666932088834,2018-07-25 19:35:20,Amazon is bringing free Whole Foods deliveries to New York City &amp; Florida- #Amazon‚Ä¶ ,0.24545454545454548
#amzn,1022203133458608129,2018-07-25 19:33:13,Amazon is bringing free Whole Foods deliveries to New York City &amp; Florida- #Amazon‚Ä¶ ,0.24545454545454548
#amzn,1022169654733824000,2018-07-25 17:20:11,The Group 3 Live Analysis / Trading Room video recording is available for members @ the site‚Ä¶ ,0.2681818181818182
#amzn,1022168873406214146,2018-07-25 17:17:05,"Did you know that you can use #Bitcoin to trade #Stocks?

1 - 15x Leverage ‚úÖ

‚ñ∂Ô∏è  ‚óÄÔ∏è

Regist‚Ä¶ ",0.0
#amzn,1022150435375919106,2018-07-25 16:03:49,THIS PATTERN SHOWS THAT THERE IS RISK IN THIS BULLISH MARKET$#QQQ $#FB $#AMZN‚Ä¶  #stockmarket,0.0
#amzn,1022140276419248128,2018-07-25 15:23:27,"  If you haven‚Äôt done it yet, go watch ‚ÄúSorry to Bother You‚Äù. Tons of truth about #Amzn and it‚Äô‚Ä¶ ",-0.5
#amzn,1022139344528654337,2018-07-25 15:19:44," The $12B is coming from the 5% ""you didn't build that"" surcharge on #AMZN sales.",0.0
#amzn,1022138446209536000,2018-07-25 15:16:10,BLOCK TRADE detected in #AMZN,0.0
#amzn,1022117433665048576,2018-07-25 13:52:40," Kia in South GA (tariffs), &amp; #AMZN in North GA (HQ2 Atlanta) -- Abrams is betting a clear economic vis‚Ä¶ ",0.15000000000000002
#amzn,1022112134845661185,2018-07-25 13:31:37,"_Horadam Classic pincer move w/2 sets of swing voters: 1. Downstate, economically-minded voters don't like tarif‚Ä¶ ",0.16666666666666666
#amzn,1022110156975493120,2018-07-25 13:23:45,an eye 2 buy #NQ_F on correction daily t/frame will watch #GOOG DFB #AMZN #AAPL  if they give avg 5% bk index drops‚Ä¶ ,0.0
#amzn,1022107235185516544,2018-07-25 13:12:09,"Did you know that you can use #Bitcoin to trade #Stocks?

1 - 15x Leverage ‚úÖ

‚ñ∂Ô∏è  ‚óÄÔ∏è

Regist‚Ä¶ ",0.0
#amzn,1022094783731265536,2018-07-25 12:22:40," except USA Wallstreet traders,  fund managers there is absolutely no one in the world who wants #TSLA, th‚Ä¶ ",0.05
#amzn,1022094141801619456,2018-07-25 12:20:07,Group 3 Live Analysis &amp; Trading Session Starts @ 8:45 AM EDT / 12:45 PM GMT /1:45 PM BST; Members link is available‚Ä¶ ,0.13636363636363635
#amzn,1022060658798551040,2018-07-25 10:07:04,"Did you know that you can get paid #Bitcoin dividends
for holding your #Stocks position?

1 - 15x Leverage ‚úÖ

‚ñ∂Ô∏è‚Ä¶ ",0.0
#amzn,1022053882124492800,2018-07-25 09:40:08,"Are you Bullish or Bearish on #AmazonüõçÔ∏è?

1 - 15x Leverage ‚úÖ

‚ñ∂Ô∏è  ‚óÄÔ∏è

Register Now &amp; go Long‚Ä¶ ",0.0
#amzn,1022031213387816961,2018-07-25 08:10:04,#AMZN - Quartalszahlen Wette bei Amazon - ,0.0
#amzn,1022019914255749121,2018-07-25 07:25:10,#AMZN is up over 88% since 1st Nov 2017 after a 1.49% increase yesterday to US$1830.99 #SIPP #FANG ,0.0
#amzn,1021987213679251457,2018-07-25 05:15:14,"""MUST read!"" SATIN PLEASURES #RomanticComedy by Karen Docter ROMCON Reader's Crown finalist #BookBuzz #AMZN ",0.0
#amzn,1021969526764785670,2018-07-25 04:04:57,"A serial killer stalks the Denver streets. #RomanticSuspense¬†#Amzn¬†KILLING SECRETS, KL Docter¬†¬†#Goodreads #thriller",0.0
#amzn,1021943154184843264,2018-07-25 02:20:09,"#NFLX , #AMZN , #FB , #GOOG , #MSFT , #AAPL , #NVDA , #TSLA „ÅÆÊ†™‰æ°Êé®Áßª„Åß„Åô„ÄÇ#TSLA „ÇíÈô§„ÅÑ„Å¶Âπ¥Âàù„ÅÆÊ†™‰æ°„Çí‰∏äÂõû„Å£„Å¶„ÅÑ„Åæ„Åô„ÄÇ ",0.0
#amzn,1021918496433864704,2018-07-25 00:42:10,1 hour post market charts for the Group 3 instruments are available for members viewing @ the site‚Ä¶ ,0.4
#amzn,1021918373951823873,2018-07-25 00:41:41,4 hour charts for the Group 3 instruments are available for members viewing @ the site  ,0.4
#amzn,1021906891885223936,2018-07-24 23:56:03,Amazon (AMZN) earnings preview: keep an eye on new emerging businesses  #Amazon #earnings‚Ä¶ ,0.13636363636363635
#amzn,1021900710957469696,2018-07-24 23:31:30,It‚Äôs funny that at cycle crests people become very certain of themselves but most often in wrong direction. The rea‚Ä¶ ,0.13214285714285712
#amzn,1021895301341138944,2018-07-24 23:10:00,#AMZN - INDICADOR MACD - ,0.0
#amzn,1021882466406031361,2018-07-24 22:19:00,"Final #AMZN #PutCallRatios for Tuesday, July 24, 2018  ",0.0
#amzn,1021882464522760193,2018-07-24 22:18:59,"Final #AMZN #PutCallRatios for Tuesday, July 24, 2018  ",0.0
#amzn,1021882463092584450,2018-07-24 22:18:59,"Final #AMZN #PutCallRatios for Tuesday, July 24, 2018  ",0.0
#amzn,1021877267264352256,2018-07-24 21:58:20,Another step in the march of #AMZN toward ending the #GOOGL - #Facebook #Advertising duopoly. Nicely reported by‚Ä¶ ,0.6
#amzn,1021852996920066054,2018-07-24 20:21:54,"$AMZN PUSHES THROUGH PRIOR SESSION HIGH: 
Sentiment: Neutral #AMZN #Amazon",0.08
#amzn,1021852538121936896,2018-07-24 20:20:04,"Are you Bullish or Bearish on #AmazonüõçÔ∏è?

1 - 15x Leverage ‚úÖ

‚ñ∂Ô∏è  ‚óÄÔ∏è

Register Now &amp; go Long‚Ä¶ ",0.0
#amzn,1021850037616164864,2018-07-24 20:10:08,"Did you know that you can get paid #Bitcoin dividends
for holding your #Stocks position?

1 - 15x Leverage ‚úÖ

‚ñ∂Ô∏è‚Ä¶ ",0.0
#amzn,1021819802715795456,2018-07-24 18:10:00,#AMZN - End Of Titan Scheme ? End Of Chain Of Happiness ? Enron ?  - ,0.7
#amzn,1021807490068041735,2018-07-24 17:21:04,"Did you know that you can use #Bitcoin to trade #Stocks?

1 - 15x Leverage ‚úÖ

‚ñ∂Ô∏è  ‚óÄÔ∏è

Regist‚Ä¶ ",0.0
#amzn,1021807266893361152,2018-07-24 17:20:11,The Group 3 Live Analysis / Trading Room video recording is available for members @ the site‚Ä¶ ,0.2681818181818182
#amzn,1021800375018504192,2018-07-24 16:52:48,"These charts are NOT getting any prettier
#MSFT #NFLX #AAPL #RUT #SPX #TSLA #AMZN #TRAN ",0.0
#amzn,1021791952306626562,2018-07-24 16:19:20,"Well, now #AMZN is the government in the UK ",0.0
#amzn,1021786656427466752,2018-07-24 15:58:17,Addressing Multi-Cloud Security Risks within the Financial Services Sector | Online  | #AWS‚Ä¶ ,0.0
#amzn,1021785874785337346,2018-07-24 15:55:11,Addressing Multi-Cloud Security Risks within the Financial Services Sector | Online  | #AWS‚Ä¶ ,0.0
#amzn,1021785346164629505,2018-07-24 15:53:05,"A worthy read, and an interesting point/omission (not by  - Why did #Amzn leave voice-driven purchases o‚Ä¶ ",0.41666666666666663
#amzn,1021784229108178944,2018-07-24 15:48:38,AWS machine learning tools aiming to be anything but vanilla  |  | #AWS #Cloud‚Ä¶ ,0.0
#amzn,1021783374841749505,2018-07-24 15:45:15,AWS machine learning tools aiming to be anything but vanilla  |  | #AWS #Cloud‚Ä¶ ,0.0
#amzn,1021782894484905985,2018-07-24 15:43:20,Prime &amp; AWS Are likely to Aid Amazon's (AMZN) Q2 Earnings |   |  #AWS #Cloud #CloudComputing‚Ä¶ ,0.0
#amzn,1021782000829644800,2018-07-24 15:39:47,Prime &amp; AWS Are likely to Aid Amazon's (AMZN) Q2 Earnings |   |  #AWS #Cloud #CloudComputing‚Ä¶ ,0.0
#amzn,1021738174542884864,2018-07-24 12:45:38,Amazon - #AMZN chart ,0.0
#amzn,1021733234642567168,2018-07-24 12:26:00,Yes #Google ok #googl time to play catch up to #amzn good time to rotate into googl as the stock has lagged amzn,0.6
#amzn,1021731756553261056,2018-07-24 12:20:08,Group 3 Live Analysis &amp; Trading Session Starts @ 8:45 AM EDT / 12:45 PM GMT /1:45 PM BST; Members link is available‚Ä¶ ,0.13636363636363635
#amzn,1021730260004548608,2018-07-24 12:14:11,"Did you know that you can use #Bitcoin to trade #Stocks?

1 - 15x Leverage ‚úÖ

‚ñ∂Ô∏è  ‚óÄÔ∏è

Regist‚Ä¶ ",0.0
#amzn,1021727711218343937,2018-07-24 12:04:03,"#austintx #siliconhills is the best city for #AMZN 2 HQ.
#Technology #tech #Mecha #Coders #Venture #Engineer",1.0
#amzn,1021685695704965120,2018-07-24 09:17:06,"Did you know that you can get paid #Bitcoin dividends
for holding your #Stocks position?

1 - 15x Leverage ‚úÖ

‚ñ∂Ô∏è‚Ä¶ ",0.0
#amzn,1021683197032185861,2018-07-24 09:07:10,"Are you Bullish or Bearish on #AmazonüõçÔ∏è?

1 - 15x Leverage ‚úÖ

‚ñ∂Ô∏è  ‚óÄÔ∏è

Register Now &amp; go Long‚Ä¶ ",0.0
#amzn,1021641731752816640,2018-07-24 06:22:24,AMZN DAY KEY SCALPING #forex #markets #amzn #stocks #RK ,0.0
#amzn,1021639250444529664,2018-07-24 06:12:33,#SPY #AMZN #UNG  Nightly newsletter has been posted. ,0.0
#amzn,1021626073220562944,2018-07-24 05:20:11,"Top 3 Growth Stocks for 2018

The Brink‚Äôs Company

Broadridge Financial Solutions, Inc.

Amazon

#bco #br #amzn",0.25
#amzn,1021588601744719872,2018-07-24 02:51:17,EWF Chart of the day 7/24/2018 #AMAZON #AMZN Try EWF FREE for 14 days !! Just email&gt; aidan-forecast.com‚Ä¶ ,0.625
#amzn,1021588454742810624,2018-07-24 02:50:42,Grafico del Dia #AMAZON #AMZN       7.24.2018&gt; #Elliottwave #Ondaselliott #Bolsa #Mercados‚Ä¶ ,0.0
#amzn,1021588347624419328,2018-07-24 02:50:16,Grafico del Dia #AMAZON #AMZN       7.24.2018&gt; #Elliottwave #Ondaselliott #Bolsa #Mercados‚Ä¶ ,0.0
#amzn,1021588096801034246,2018-07-24 02:49:17,"Very bullish, long #AMZN, #AAPL, #OKTA, #WIX",0.07500000000000001
#amzn,1021583363025588224,2018-07-24 02:30:28,"SATIN PLEASURES ""grabs hold of your heart and will not let go."" The Reading Cafe. #AMZN #romance #reading ",0.0
#amzn,1021578714356899841,2018-07-24 02:12:00,"Win for $AMZN ( Inc) followers: closed at $1,802.00, a 32.25% gain since 6 months ago  #AMZN",0.35000000000000003
#amzn,1021577609627533313,2018-07-24 02:07:36,Hey  and  re: your piece on why #AMZN should take over public libraries. ,0.0
#amzn,1021553402742898688,2018-07-24 00:31:25,"#AMZN
#Amazon
Break and close below $ 1793 LEVEL -Target : $ 1753-1740 level in panic.
Now Hurdle at 1814-1820.Cros‚Ä¶ ",0.0
#amzn,1021542878282051585,2018-07-23 23:49:36,   I just #BuytheDip ..I will most certainly put my money behind #AMZN‚Ä¶ ,0.10476190476190476
#amzn,1021532644079677440,2018-07-23 23:08:56,amazon - #AMZN chart ,0.0
#amzn,1021519845274279936,2018-07-23 22:18:04,"Final #AMZN #PutCallRatios for Monday, July 23, 2018  ",0.0
#amzn,1021519844779253760,2018-07-23 22:18:04,"Final #AMZN #PutCallRatios for Monday, July 23, 2018  ",0.0
#amzn,1021519843206422528,2018-07-23 22:18:04,"Final #AMZN #PutCallRatios for Monday, July 23, 2018  ",0.0
#amzn,1021519367849365504,2018-07-23 22:16:10, Inc. is down $11.7 (-0.64%) today. The stock is up more than 93% from it's 52 week low.‚Ä¶ ,0.17222222222222222
#amzn,1021494206701944840,2018-07-23 20:36:11,"Are you Bullish or Bearish on #AmazonüõçÔ∏è?

1 - 15x Leverage ‚úÖ

‚ñ∂Ô∏è  ‚óÄÔ∏è

Register Now &amp; go Long‚Ä¶ ",0.0
#amzn,1021492860372299782,2018-07-23 20:30:50," totally agree with you, sir
re #AMZN",0.0
#amzn,1021491665675198469,2018-07-23 20:26:06,"Did you know that you can get paid #Bitcoin dividends
for holding your #Stocks position?

1 - 15x Leverage ‚úÖ

‚ñ∂Ô∏è‚Ä¶ ",0.0
#amzn,1021491423110152192,2018-07-23 20:25:08,"$AMZN FINDS BUYERS AT KEY SUPPORT LEVEL: 
Sentiment: Neutral #AMZN #Amazon",0.0
#amzn,1021489950120914949,2018-07-23 20:19:17,"Anyway #Amzn tanking sold this morning, take my lil profit; get right back in later",0.09523809523809523
#amzn,1021489570163159042,2018-07-23 20:17:46,"¬°Lunes de Vainilla! #VanillaIceCreamDay¬†M√°s problemas para Tesla, ¬øcashback a proveedores? Amenazas a #AMZN¬†por mon‚Ä¶ ",0.0
#amzn,1021489375186771973,2018-07-23 20:17:00,Tesla #tsla short overcrowded and boring. Chart not nearly overextended as some Fang stocks #amzn #nflx.  Guess whe‚Ä¶ ,-0.35000000000000003
#amzn,1021477238590636032,2018-07-23 19:28:46,_tremale9  1 shark from 5 different stocks is hard to see major money. Unless those shares are‚Ä¶ ,-0.0763888888888889
#amzn,1021444877928796165,2018-07-23 17:20:11,The Group 3 Live Analysis / Trading Room video recording is available for members @ the site‚Ä¶ ,0.2681818181818182
#amzn,1021443124349079552,2018-07-23 17:13:12,"Amazon‚Äôs market share in many of its product categories is actually quite small - via ‚Å¶‚Å© 

#amazon #amzn‚Ä¶ ",0.08333333333333333
#amzn,1021441856427778051,2018-07-23 17:08:10,"Did you know that you can use #Bitcoin to trade #Stocks?

1 - 15x Leverage ‚úÖ

‚ñ∂Ô∏è  ‚óÄÔ∏è

Regist‚Ä¶ ",0.0
#amzn,1021437787126591488,2018-07-23 16:52:00, You should diversify with #amzn or #aapl (we did analysis today),0.0
#amzn,1021432304311336961,2018-07-23 16:30:13,"Her ex will reclaim her if Patrick can't stop him. KILLING SECRETS, KL Docter #suspense¬†#AMZN¬†#Goodreads¬†#mustread¬†",0.0
#amzn,1021428007959973889,2018-07-23 16:13:08,"How Fortnite approaches analytics, cloud to analyze petabytes of game data |  | #Fortnite‚Ä¶ ",-0.4
#amzn,1021427305992859648,2018-07-23 16:10:21,"How Fortnite approaches analytics, cloud to analyze petabytes of game data |  | #Fortnite‚Ä¶ ",-0.4
#amzn,1021405403228319745,2018-07-23 14:43:19,Is AWS Lambda the Most Secure Application Platform? Probably. |   |  #AWS #Cloud‚Ä¶ ,0.45
#amzn,1021404613554122752,2018-07-23 14:40:11,Is AWS Lambda the Most Secure Application Platform? Probably. |   |  #AWS #Cloud‚Ä¶ ,0.45
#amzn,1021399285798141959,2018-07-23 14:19:01,Amazon Brings EC2 To Enterprise Datacenter Through AWS Snowball Edge  |  |  #AWS #Cloud‚Ä¶ ,0.0
#amzn,1021398344592240640,2018-07-23 14:15:16,Amazon Brings EC2 To Enterprise Datacenter Through AWS Snowball Edge  |  |  #AWS #Cloud‚Ä¶ ,0.0
#amzn,1021397854013861888,2018-07-23 14:13:19,What to Expect When Amazon Reports Earnings |  | #AWS #Cloud #CloudComputing #CloudServices‚Ä¶ ,0.0
#amzn,1021397070685581313,2018-07-23 14:10:12,What to Expect When Amazon Reports Earnings |  | #AWS #Cloud #CloudComputing #CloudServices #Amazon #AMZN #CIO #CTO,0.0
#amzn,1021395478636900353,2018-07-23 14:03:53,#amzn $amzn En donn√©e journali√®re. Nous sommes dans un canal qui se casse par le bas la plus part du temps. TP1 176‚Ä¶ ,0.0
#amzn,1021395142031347712,2018-07-23 14:02:33,#amzn $amzn UT Daily. We are actually in canal who generally breakdown !! TP1 1765 TP2 1715 TP3 1660 TP4 1615 ,0.026041666666666675
#amzn,1021386114614136832,2018-07-23 13:26:40,#Breaking  #ValueInvesting #AMZN  #WPT #USPO $AMZN ,0.0
#amzn,1021385379335684097,2018-07-23 13:23:45,#creditsuisse #technology #tech #it #techstocks #stockstowatch #qqq #internationalinvestments #trader‚Ä¶ ,0.0
#amzn,1021380206861447173,2018-07-23 13:03:12,"Did you know that you can use #Bitcoin to trade #Stocks?

1 - 15x Leverage ‚úÖ

‚ñ∂Ô∏è  ‚óÄÔ∏è

Regist‚Ä¶ ",0.0
#amzn,1021369370033913856,2018-07-23 12:20:08,Group 3 Live Analysis &amp; Trading Session Starts @ 8:45 AM EDT / 12:45 PM GMT /1:45 PM BST; Members link is available‚Ä¶ ,0.13636363636363635
#amzn,1021362003988787200,2018-07-23 11:50:52,"„Çì„Éº„ÄÅ„ÅÑ„Å£„Åü„Çì #Amazon (#amznÔºâ „ÇíÔºóÊúà„ÅÆÊ±∫ÁÆóÂæåÔºíÔºåÔºìÊó•„ÅßÂ£≤„Å£„Å¶„ÄÅ#„É™„Éü„ÉÉ„ÇØ„Çπ„Éù„Ç§„É≥„Éà  Â¢ó„ÇÑ„Åù„ÅÜ„Åã„Å™„ÄÇ
ÂõûËª¢ÂàÜ„ÅåÂ∞ë„Å™„Åè„Å¶‰ªäÂπ¥„ÅÆÁõÆÊ®ô„ÅåÂç±„ÅÜ„ÅÑÊ∞ó„Åå„Åô„Çã„ÄÇ„ÄÇ

‰∏ãÊâã„Åì„ÅÑ„Åü„Å®„Åç„Å´Amazon‰∏ä„Åå„Å£„Å¶„ÇÇ„Å™„ÅÅ„Éº„Å®ËÄÉ„Åà„Çã„Å®„ÄÅ„Çà„Åò„ÇÉ„ÅÜË≥áÈáë„ÇíÊ†™„Å´„ÅÑ„Çå„ÇãÔºüÊúÄËøë„ÅÆÊÑü„Åò„Å†„Å®„Å°„Çá„ÅÑÊÄñ„ÅÑ„Å™„ÄÇ",0.0
#amzn,1021337901274189824,2018-07-23 10:15:05,"Did you know that you can get paid #Bitcoin dividends
for holding your #Stocks position?

1 - 15x Leverage ‚úÖ

‚ñ∂Ô∏è‚Ä¶ ",0.0
#amzn,1021337462113734656,2018-07-23 10:13:21,"#Marketing #Books! ""The Introvert's Edge"" _ Please see my #AMZN review of this magnificent offering‚Ä¶ ",1.0
#amzn,1021327608867434496,2018-07-23 09:34:11,"Are you Bullish or Bearish on #AmazonüõçÔ∏è?

1 - 15x Leverage ‚úÖ

‚ñ∂Ô∏è  ‚óÄÔ∏è

Register Now &amp; go Long‚Ä¶ ",0.0
#amzn,1021322880691384321,2018-07-23 09:15:24,"#amzn
ÿßŸÑŸâ ÿßÿ±Ÿâ ÿßŸÜ ÿßŸÖÿßÿ≤ŸàŸÜ ŸáÿØŸÅŸá ÿßŸÑŸâ 2000 ÿÆŸÑÿßŸÑ ÿßŸÑŸÅÿ™ÿ±ÿ© ÿßŸÑŸÇÿßÿØŸÖÿ© ŸàŸáŸà ŸÅŸä ÿ™ÿ±ŸÜÿØ ÿµÿßÿπÿØ ŸÖÿ≠ÿßŸÅÿ∏ ÿπŸÑŸäŸá ŸÖŸÜ ÿßŸàŸÑ ÿßŸÑÿπÿßŸÖ ŸÖÿπÿ∑Ÿä ŸÇŸàÿ© ŸÑŸÑÿ≥ŸáŸÖ‚Ä¶ ",0.0
#amzn,1021319816714637312,2018-07-23 09:03:14,"#FortNite Sir, have #Russia, #China, #NATO,  #Japan short #AMZN cc #gangster",0.0
#amzn,1021311528790896642,2018-07-23 08:30:18,"_ - just submitted #AMZN review, hopefully will post shortly (and I'll be sure to go through it agai‚Ä¶ ",0.25
#amzn,1021292630209015809,2018-07-23 07:15:12,AMAZON breakout  pullback verso i 2000 - #AMZN grafico ,0.0
#amzn,1021245232858292224,2018-07-23 04:06:51,All aleets set up for this week based on #Fibonacci #googl #amzn #fb #nasdaq #dowjones #spx #sp500 ,0.0
#amzn,1021228529260916736,2018-07-23 03:00:29,"Updated Charts Week of July 16, 2018. New Charts: $ASML $CELG $INTU #stocks #stockmarket #options #investing #AMZN‚Ä¶ ",0.13636363636363635
#amzn,1021210595779940352,2018-07-23 01:49:13,"#NFLX , #AMZN , #FB , #GOOG , #MSFT , #AAPL , #NVDA „ÅÆÊ†™‰æ°Êé®Áßª„Åß„Åô„ÄÇ20Êó•ÊôÇÁÇπ„Åß„ÅØ7ÈäòÊüÑ„Åô„Åπ„Å¶Âπ¥ÂàùÊØî„Éó„É©„Çπ„ÇíÁ∂≠ÊåÅ„Åó„Å¶„ÅÑ„Åæ„Åô„ÄÇ ",0.0
#amzn,1021189897221099520,2018-07-23 00:26:58,  I want  to have  disclose his long position in #AMZN  shares,-0.05
#amzn,1021136566989873152,2018-07-22 20:55:04,Weekly Technical Video For Group 3 Stocks &amp; ETF instruments is available for members viewing @ the website‚Ä¶ ,0.2
#amzn,1021132800387436544,2018-07-22 20:40:05,"Group 3 Stocks &amp; ETF instruments charts are updated in 4 time frames, weekly, daily , 4 hour and 1 hour. They are a‚Ä¶ ",0.0
#amzn,1021132306009001989,2018-07-22 20:38:08,"Are you Bullish or Bearish on #AmazonüõçÔ∏è?

1 - 15x Leverage ‚úÖ

‚ñ∂Ô∏è  ‚óÄÔ∏è

Register Now &amp; go Long‚Ä¶ ",0.0
#amzn,1021129770204049408,2018-07-22 20:28:03,"Did you know that you can get paid #Bitcoin dividends
for holding your #Stocks position?

1 - 15x Leverage ‚úÖ

‚ñ∂Ô∏è‚Ä¶ ",0.0
#amzn,1021128516820242432,2018-07-22 20:23:04, #amazon #bestfriend #AMZN,0.0
#amzn,1021109688132284416,2018-07-22 19:08:15,AMZN - 07/22 - #AMZN chart ,0.0
#amzn,1021105805351968768,2018-07-22 18:52:49,The Big Five Stock and Sector Service is now posted for Sunday                    #AMZN‚Ä¶ ,0.0
#amzn,1021102989912813569,2018-07-22 18:41:38,"Towards the busy week
It is important to mention that the markets entered last Friday the period of reduction of mo‚Ä¶ ",0.16666666666666666
#amzn,1021082233392820226,2018-07-22 17:19:09,"Did you know that you can use #Bitcoin to trade #Stocks?

1 - 15x Leverage ‚úÖ

‚ñ∂Ô∏è  ‚óÄÔ∏è

Regist‚Ä¶ ",0.0
#amzn,1021055607145619457,2018-07-22 15:33:21,"Tax cuts for the very rich.

Poverty, food insecurity and despair for everyone else.

#greed #capitalism #amazon‚Ä¶ ",0.48750000000000004
#amzn,1021020476611747840,2018-07-22 13:13:45," Absolutely my pleasure, will have the #AMZN review up I hope late tonight but in any case, long flight tomm, good writing time",0.1375
#amzn,1021008237901082625,2018-07-22 12:25:07,"Did you know that you can use #Bitcoin to trade #Stocks?

1 - 15x Leverage ‚úÖ

‚ñ∂Ô∏è  ‚óÄÔ∏è

Regist‚Ä¶ ",0.0
#amzn,1021006972680916994,2018-07-22 12:20:06,"""How Have Pros Not Bought #AMZN And #NFLX On Dips?  #amazon #netflix",0.0
#amzn,1020963188827926529,2018-07-22 09:26:07,"Did you know that you can get paid #Bitcoin dividends
for holding your #Stocks position?

1 - 15x Leverage ‚úÖ

‚ñ∂Ô∏è‚Ä¶ ",0.0
#amzn,1020960687433175040,2018-07-22 09:16:11,"Are you Bullish or Bearish on #AmazonüõçÔ∏è?

1 - 15x Leverage ‚úÖ

‚ñ∂Ô∏è  ‚óÄÔ∏è

Register Now &amp; go Long‚Ä¶ ",0.0
#amzn,1020762623212744705,2018-07-21 20:09:08,"Are you Bullish or Bearish on #AmazonüõçÔ∏è?

1 - 15x Leverage ‚úÖ

‚ñ∂Ô∏è  ‚óÄÔ∏è

Register Now &amp; go Long‚Ä¶ ",0.0
#amzn,1020753813383405570,2018-07-21 19:34:08,"Did you know that you can get paid #Bitcoin dividends
for holding your #Stocks position?

1 - 15x Leverage ‚úÖ

‚ñ∂Ô∏è‚Ä¶ ",0.0
#amzn,1020747757970214912,2018-07-21 19:10:04,Next stop #AMZN? /cc  ,0.0
#amzn,1020731690673721344,2018-07-21 18:06:13,"Definitely listen to this guy   
Just check out his phenomenal returns depicted below 
Clearly he has‚Ä¶ ",0.19999999999999998
#amzn,1020720225526968322,2018-07-21 17:20:40,"  Mark B. Spiegel  
March '15  AMZN $385 TSLA $197
‚ÄúI think $AMZN is the secon‚Ä¶ ",0.0
#amzn,1020714009115361280,2018-07-21 16:55:58, Not holding #Bitcoin or any other coins but I do see an impressive uptrend potential for related‚Ä¶ ,0.2916666666666667
#amzn,1020712347214598145,2018-07-21 16:49:22,"Earnings Reports: 
#MSFT (7/20), #GOOGL (7/23), #FB (7/25), #AMZN (7/26), #AAPL (7/31) ",0.0
#amzn,1020710215849738242,2018-07-21 16:40:53,"     Mark B. Spiegel  
March '15  AMZN $38‚Ä¶ ",0.0
#amzn,1020709332839796737,2018-07-21 16:37:23,"Mark B. Spiegel  
March '15  AMZN $385 TSLA $197
‚ÄúI think $AMZN is the second most overvalued mega-cap‚Ä¶ ",0.25
#amzn,1020706483951087616,2018-07-21 16:26:04,"Did you know that you can use #Bitcoin to trade #Stocks?

1 - 15x Leverage ‚úÖ

‚ñ∂Ô∏è  ‚óÄÔ∏è

Regist‚Ä¶ ",0.0
#amzn,1020697393761841154,2018-07-21 15:49:56,"#Earnings for the week of July 23, 2018 are Amazon #AMZN, AMD #AMD, Facebook #FB, Twitter #TWTR, Alphabet #GOOGL, B‚Ä¶ ",0.0
#amzn,1020687453487710208,2018-07-21 15:10:27,"‚ÄúFully US$52 billion of Bezos‚Äô wealth ‚Äî more than a third of it ‚Äî was created this year, as Amazon‚Äôs share price so‚Ä¶ ",0.25
#amzn,1020655095971639296,2018-07-21 13:01:52,amzn - #AMZN chart ,0.0
#amzn,1020643071183278080,2018-07-21 12:14:05,"Did you know that you can use #Bitcoin to trade #Stocks?

1 - 15x Leverage ‚úÖ

‚ñ∂Ô∏è  ‚óÄÔ∏è

Regist‚Ä¶ ",0.0
#amzn,1020599479152594945,2018-07-21 09:20:52,"#Marketing #Books! ""Do It! Marketing. 77 Instant-Action Ideas to Boost Sales, Maximize Profits, and Crush your Comp‚Ä¶ ",0.0
#amzn,1020598246459215873,2018-07-21 09:15:58,"#Marketing #Books! ""Marketing in the #FakeNews Era"" . #AMZN review asap. Great, insightful &amp; actionable,‚Ä¶ ",0.8
#amzn,1020597009387016192,2018-07-21 09:11:03,"Did you know that you can get paid #Bitcoin dividends
for holding your #Stocks position?

1 - 15x Leverage ‚úÖ

‚ñ∂Ô∏è‚Ä¶ ",0.0
#amzn,1020594511549001728,2018-07-21 09:01:07,"Are you Bullish or Bearish on #AmazonüõçÔ∏è?

1 - 15x Leverage ‚úÖ

‚ñ∂Ô∏è  ‚óÄÔ∏è

Register Now &amp; go Long‚Ä¶ ",0.0
#amzn,1020497858762625024,2018-07-21 02:37:04,"Watch $AMZN after closing at $1,813.70, a 36.64% gain since 6 months ago  #AMZN",0.0
#amzn,1020444212561448960,2018-07-20 23:03:53,We might see a little pullback  - #AMZN chart ,-0.1875
#amzn,1020437801681051648,2018-07-20 22:38:25,Á±≥ÂõΩÊ†™ÂºèÊ¶ÇÊ≥Å„ÄÇÔºÉ„Ç¢„Éû„Çæ„É≥ ÔºÉ„Çπ„ÇØ„Ç®„Ç¢ ÔºÉ„Ç®„Éå„Éì„Éá„Ç£„Ç¢ ÔºÉ„Ç¢„É™„Éê„Éê  ÔºÉJP„É¢„É´„Ç¨„É≥„ÉÅ„Çß„Éº„Çπ ÔºÉÈòøÈáåÂ∑¥Â∑¥ÈõÜÂõ£  ÔºÉ„ÉÑ„Ç§„ÉÉ„Çø„Éº  ÔºÉAmazon‚Å† ‚Å†‚Å† ‚Å†¬†¬†  ÔºÉ„Éû„Ç§„ÇØ„É≠„ÇΩ„Éï„Éà  ÔºÉ„Éö„Ç§„Éë„É´ ÔºÉBABA  ÔºÉNVDA ÔºÉSQ‚Ä¶ ,0.0
#amzn,1020432929544024064,2018-07-20 22:19:03,"Final #AMZN #PutCallRatios for Friday, July 20, 2018  ",0.0
#amzn,1020432927274909697,2018-07-20 22:19:03,"Final #AMZN #PutCallRatios for Friday, July 20, 2018  ",0.0
#amzn,1020432925530079232,2018-07-20 22:19:02,"Final #AMZN #PutCallRatios for Friday, July 20, 2018  ",0.0
#amzn,1020428175011123206,2018-07-20 22:00:10,Amazon: This Prime Day was biggest shopping event ever w/100 million products sold- #Amazon‚Ä¶ ,0.0
#amzn,1020428065661472768,2018-07-20 21:59:44,Amazon: This Prime Day was biggest shopping event ever w/100 million products sold- #Amazon‚Ä¶ ,0.0
#amzn,1020404024431046656,2018-07-20 20:24:12,"$AMZN FINDS BUYERS AGAIN AROUND 1810.21: 
Sentiment: Neutral #AMZN #Amazon",0.0
#amzn,1020401992773009415,2018-07-20 20:16:07,"Are you Bullish or Bearish on #AmazonüõçÔ∏è?

1 - 15x Leverage ‚úÖ

‚ñ∂Ô∏è  ‚óÄÔ∏è

Register Now &amp; go Long‚Ä¶ ",0.0
#amzn,1020399491223031808,2018-07-20 20:06:11,"Did you know that you can get paid #Bitcoin dividends
for holding your #Stocks position?

1 - 15x Leverage ‚úÖ

‚ñ∂Ô∏è‚Ä¶ ",0.0
#amzn,1020386878904832007,2018-07-20 19:16:04,Amazon Snowball Edge gets full AWS computing ability |  | #AWS #Cloud #CloudComputing‚Ä¶ ,0.35
#amzn,1020384531377991680,2018-07-20 19:06:44,Amazon Snowball Edge gets full AWS computing ability |  | #AWS #Cloud #CloudComputing‚Ä¶ ,0.35
#amzn,1020381642618294273,2018-07-20 18:55:16,"Amazon Web Services Adds AI, Compute Services to AWS Cloud  |  | #AWS #Cloud #CloudComputing‚Ä¶ ",0.0
#amzn,1020380352005668864,2018-07-20 18:50:08,"Amazon Web Services Adds AI, Compute Services to AWS Cloud  |  | #AWS #Cloud #CloudComputing‚Ä¶ ",0.0
#amzn,1020379269254524933,2018-07-20 18:45:50,"Spooked Cisco chief phoned AWS, asked: You're not making a switch, are you? |  | #AWS #Cloud‚Ä¶ ",0.0
#amzn,1020378619800104960,2018-07-20 18:43:15,"Spooked Cisco chief phoned AWS, asked: You're not making a switch, are you? |  | #AWS #Cloud‚Ä¶ ",0.0
#amzn,1020375712497364993,2018-07-20 18:31:42,Just an FYI...#investing #finance #AAPL #GOOGL #MSFT #FB #AMZN ,0.0
#amzn,1020357726839484418,2018-07-20 17:20:14,The Group 3 Live Analysis / Trading Room video recording is available for members @ the site‚Ä¶ ,0.2681818181818182
#amzn,1020357201888673793,2018-07-20 17:18:08,"Did you know that you can use #Bitcoin to trade #Stocks?

1 - 15x Leverage ‚úÖ

‚ñ∂Ô∏è  ‚óÄÔ∏è

Regist‚Ä¶ ",0.0
#amzn,1020345199845937152,2018-07-20 16:30:27,"Someone's willing to destroy them both, but who?  #BookPromo #AMZN¬†#WriterRT¬†Killing¬†Secrets, KL Docter‚Ä¶ ",0.024999999999999994
#amzn,1020333918552281088,2018-07-20 15:45:37,"CORSA AL TRILIONE! ... 
Chi arriver√† prima al Trilione di $ di Capitalizzazione a #WallStreet? #Amzn, #Apple,‚Ä¶ ",0.0
#amzn,1020325510738571264,2018-07-20 15:12:13,Follow Strategies To Help You Trade #AMZN In Our 2 Hour Work Day ebook #Strategies #StockMarket #Trading #Stocks‚Ä¶ ,0.0
#amzn,1020322677473636352,2018-07-20 15:00:57,#Amazon #PartFinder Will Use #AI And #MachineVision To Identify Items For Your #DIY Projects  via  #AMZN,0.0
#amzn,1020311099135221760,2018-07-20 14:14:57, Would you apply your rule of taking some off the table when up 25% to AMZN? I‚Äôm only 24 years old so am‚Ä¶ ,0.05
#amzn,1020293540709060608,2018-07-20 13:05:10,"Did you know that you can use #Bitcoin to trade #Stocks?

1 - 15x Leverage ‚úÖ

‚ñ∂Ô∏è  ‚óÄÔ∏è

Regist‚Ä¶ ",0.0
#amzn,1020282206743298048,2018-07-20 12:20:08,Group 3 Live Analysis &amp; Trading Session Starts @ 8:45 AM EDT / 12:45 PM GMT /1:45 PM BST; Members link is available‚Ä¶ ,0.13636363636363635
#amzn,1020270599946596352,2018-07-20 11:34:01,"""#Speakers, #TVs, #Kleenex in demand on #AmazonPrimeDay: Online shoppers purchased more than #100millionproducts wo‚Ä¶ ",0.5
#amzn,1020248741205487616,2018-07-20 10:07:09,"Did you know that you can get paid #Bitcoin dividends
for holding your #Stocks position?

1 - 15x Leverage ‚úÖ

‚ñ∂Ô∏è‚Ä¶ ",0.0
#amzn,1020237139378954245,2018-07-20 09:21:03,"Are you Bullish or Bearish on #AmazonüõçÔ∏è?

1 - 15x Leverage ‚úÖ

‚ñ∂Ô∏è  ‚óÄÔ∏è

Register Now &amp; go Long‚Ä¶ ",0.0
#amzn,1020234105223434240,2018-07-20 09:09:00,#AMZN $AMZN ,0.0
#amzn,1020215448049258496,2018-07-20 07:54:52,how many RT to resign  seems like everybody wants a drunk at the ships wheel       no worries    #titanic‚Ä¶ ,0.06666666666666665
#amzn,1020214844362981376,2018-07-20 07:52:28, friday FUN   pls retweet to get it started      #es_F #spy #qqq ##nq_F #eurusd #dax #ger30‚Ä¶ ,0.3
#amzn,1020213517029343232,2018-07-20 07:47:11,friday FUN   pls retweet to get it started      #es_F #spy #qqq ##nq_F #eurusd #dax #ger30 #usdjpy #eurjpy $spy $es‚Ä¶ ,0.3
#amzn,1020134220889378816,2018-07-20 02:32:06,"#NFLX , #AMZN , #FB , #GOOG , #MSFT , #AAPL , #NVDA „ÅÆÊ†™‰æ°Êé®Áßª„Åß„Åô„ÄÇ„Éç„ÉÉ„Éà„Éï„É™„ÉÉ„ÇØ„Çπ„ÅØ3Êó•ÈÄ£Á∂ö„Åß‰∏ãËêΩ„Åó5Êó•Á∑ö„ÄÅ25Êó•Á∑ö„Çí‰∏ãÊäú„Åë„ÄÅ75Êó•Á∑ö„Å´Ëø´„Å£„Å¶„ÅÑ„Åæ„Åô„ÄÇ ",0.0
#amzn,1020132834655199232,2018-07-20 02:26:35,"#Msft earnings beat Thursday, set up a Friday, Monday advance .. now looks like Chinese letting yuan fall to offset‚Ä¶ ",0.0
