#msft,2018-07-26 01:55:02,RT @MSIntune: #MSFT named a leader in the new @Gartner_inc 2018 MQ for Unified Endpoint Management Tools. Learn more https://t.co/Qwrtwa4e1F
#msft,2018-07-26 01:24:28,RT @MSIntune: #MSFT named a leader in the new @Gartner_inc 2018 MQ for Unified Endpoint Management Tools. Learn more https://t.co/Qwrtwa4e1F
#msft,2018-07-26 00:57:25,RT @jukkan: Winter in July: Release Notes for Next #MSDyn365 Version: https://t.co/BiJxz3974X - Taking the #MSFT Power Platform from market‚Ä¶
#msft,2018-07-26 00:56:45,RT @MSIntune: #MSFT named a leader in the new @Gartner_inc 2018 MQ for Unified Endpoint Management Tools. Learn more https://t.co/Qwrtwa4e1F
#msft,2018-07-25 23:49:32,New team assembled to unlock the innovation potential in #healthcare data https://t.co/WHG4IDcZiy #MSFT
#msft,2018-07-25 23:30:10,"Microsoft‚Äôs https://t.co/f3cLlgtQXo dark mode is now live - The Verge https://t.co/lwGqTn0RSD
#Microsoft #Outlook‚Ä¶ https://t.co/pHj5ooIwmg"
#msft,2018-07-25 23:28:53,RT @dougholland: Incredible to see #MSFT stock over $110 a share today. It was in the $20‚Äôs when I joined @microsoft just over 8 years ago.
#msft,2018-07-25 23:22:06,"Are you Bullish or Bearish on #Microsoftüñ•?

1 - 15x Leverage ‚úÖ

‚ñ∂Ô∏è https://t.co/9Hp4KUMe0L ‚óÄÔ∏è

Register Now &amp; go Lo‚Ä¶ https://t.co/1pGM2nHr5U"
#msft,2018-07-25 23:15:04,"Microsoft‚Äôs https://t.co/xNL1Orod6L dark mode is now live - The Verge https://t.co/HZI2peyICj
#Microsoft #Outlook‚Ä¶ https://t.co/CKR63rRlUX"
#msft,2018-07-25 22:40:53,RT @MSIntune: #MSFT named a leader in the new @Gartner_inc 2018 MQ for Unified Endpoint Management Tools. Learn more https://t.co/Qwrtwa4e1F
#msft,2018-07-25 22:35:50,Incredible to see #MSFT stock over $110 a share today. It was in the $20‚Äôs when I joined @microsoft just over 8 years ago.
#msft,2018-07-25 21:25:03,"Microsoft Brings AI IntelliCode Solution to Python in Visual Studio - WinBuzzer https://t.co/2VmCZoIfy7
#Microsoft‚Ä¶ https://t.co/n0W0I08Yav"
#msft,2018-07-25 21:20:04,Microsoft Authenticator for iOS Gets Password-Free Login for Azure AD - WinBuzzer https://t.co/sAjdAmd0rz‚Ä¶ https://t.co/5e7jJtlXW5
#msft,2018-07-25 21:15:23,RT @MicrosoftARC: Curious about @MSFTQuantum? Register for our upcoming industry analyst digital briefing on August 8 at 2:30 pm US PT and‚Ä¶
#msft,2018-07-25 21:10:29,"Retweeted Microsoft Intune (@MSIntune):

#MSFT named a leader in the new @Gartner_inc 2018 MQ for Unified Endpoint‚Ä¶ https://t.co/OJXJqPc6K7"
#msft,2018-07-25 21:10:23,RT @MSIntune: #MSFT named a leader in the new @Gartner_inc 2018 MQ for Unified Endpoint Management Tools. Learn more https://t.co/Qwrtwa4e1F
#msft,2018-07-25 21:07:02,RT @MSIntune: #MSFT named a leader in the new @Gartner_inc 2018 MQ for Unified Endpoint Management Tools. Learn more https://t.co/Qwrtwa4e1F
#msft,2018-07-25 20:50:16,Microsoft Emerges as a Leader in Gartner MQ for Unified Endpoint Management (UEM) https://t.co/iVeUFbB94h #MSFT
#msft,2018-07-25 20:34:35,"RT @tgefreiter: Finally, I got the new HTML5 based Remote Desktop Services Webclient (GA) working in my Azure based lab. Exciting! Waited s‚Ä¶"
#msft,2018-07-25 20:29:43,"RT @tgefreiter: Finally, I got the new HTML5 based Remote Desktop Services Webclient (GA) working in my Azure based lab. Exciting! Waited s‚Ä¶"
#msft,2018-07-25 19:50:29,"üìà Microsoft #msft moved UP 3.06% to $111.07

Keep track with #Invstr https://t.co/CqAq14M6V1 https://t.co/5yoU752Xeu"
#msft,2018-07-25 19:25:04,"Microsoft Brings AI IntelliCode Solution to Python in Visual Studio - WinBuzzer https://t.co/AOmcfBt9c8
#Microsoft‚Ä¶ https://t.co/Txf4zy2tyu"
#msft,2018-07-25 19:20:06,Microsoft Authenticator for iOS Gets Password-Free Login for Azure AD - WinBuzzer https://t.co/NbdW9pFp3t‚Ä¶ https://t.co/5VzORUtrrw
#msft,2018-07-25 19:19:55,RT @MSIntune: #MSFT named a leader in the new @Gartner_inc 2018 MQ for Unified Endpoint Management Tools. Learn more https://t.co/Qwrtwa4e1F
#msft,2018-07-25 19:16:26,RT @jukkan: Winter in July: Release Notes for Next #MSDyn365 Version: https://t.co/BiJxz3974X - Taking the #MSFT Power Platform from market‚Ä¶
#msft,2018-07-25 19:03:39,Winter in July: Release Notes for Next #MSDyn365 Version: https://t.co/BiJxz3974X - Taking the #MSFT Power Platform‚Ä¶ https://t.co/bsE5JY0pJq
#msft,2018-07-25 18:26:48,"In a lane of my own üíé
#ownlane
#iconic #ray1ne #msft @ Milwaukee, Wisconsin https://t.co/A6WopbjQ4I"
#msft,2018-07-25 18:25:02,RT @MSIntune: #MSFT named a leader in the new @Gartner_inc 2018 MQ for Unified Endpoint Management Tools. Learn more https://t.co/Qwrtwa4e1F
#msft,2018-07-25 18:15:46,RT @MSIntune: #MSFT named a leader in the new @Gartner_inc 2018 MQ for Unified Endpoint Management Tools. Learn more https://t.co/Qwrtwa4e1F
#msft,2018-07-25 18:07:34,RT @MSIntune: #MSFT named a leader in the new @Gartner_inc 2018 MQ for Unified Endpoint Management Tools. Learn more https://t.co/Qwrtwa4e1F
#msft,2018-07-25 18:01:12,"Microsoft had only been in business for a little over a year.

#msft #microsoft #msftalum #alumni #trivia https://t.co/vtRbOXEt4x"
#msft,2018-07-25 17:55:08,RT @MSIntune: #MSFT named a leader in the new @Gartner_inc 2018 MQ for Unified Endpoint Management Tools. Learn more https://t.co/Qwrtwa4e1F
#msft,2018-07-25 17:49:31,Meet your 2018 Imagine Cup champions ‚Äì smartARM of Canada!. #Microsoft #MSFT https://t.co/k3X0uaruyN
#msft,2018-07-25 17:35:09,RT @MSIntune: #MSFT named a leader in the new @Gartner_inc 2018 MQ for Unified Endpoint Management Tools. Learn more https://t.co/Qwrtwa4e1F
#msft,2018-07-25 17:14:55,RT @MSIntune: #MSFT named a leader in the new @Gartner_inc 2018 MQ for Unified Endpoint Management Tools. Learn more https://t.co/Qwrtwa4e1F
#msft,2018-07-25 17:14:48,Lot of new folks at the MS Hackathon this year! #msft #hackathon https://t.co/PL8qD3Brjp
#msft,2018-07-25 17:12:59,RT @MSIntune: #MSFT named a leader in the new @Gartner_inc 2018 MQ for Unified Endpoint Management Tools. Learn more https://t.co/Qwrtwa4e1F
#msft,2018-07-25 17:08:07,RT @MSIntune: #MSFT named a leader in the new @Gartner_inc 2018 MQ for Unified Endpoint Management Tools. Learn more https://t.co/Qwrtwa4e1F
#msft,2018-07-25 16:46:45,"RT pvanderwoude ""RT MSIntune: #MSFT named a leader in the new Gartner_inc 2018 MQ for Unified Endpoint Management T‚Ä¶ https://t.co/m5cpQCZLbB"
#msft,2018-07-25 16:41:07,RT @MSIntune: #MSFT named a leader in the new @Gartner_inc 2018 MQ for Unified Endpoint Management Tools. Learn more https://t.co/Qwrtwa4e1F
#msft,2018-07-25 16:34:24,#msft https://t.co/KZI2Nptdzm
#msft,2018-07-25 16:29:28,The Brokers at GSIMarkets whould like to inform you that: Microsoft Corp (MSFT) stock rose by 1.3793%! Currently pr‚Ä¶ https://t.co/IkvRScVCoE
#msft,2018-07-25 16:28:34,Nuevas rutas para su siguiente pr√°ctica especializada. #Microsoft #MSFT https://t.co/zRJYVNR29u
#msft,2018-07-25 16:24:18,RT @MSIntune: #MSFT named a leader in the new @Gartner_inc 2018 MQ for Unified Endpoint Management Tools. Learn more https://t.co/Qwrtwa4e1F
#msft,2018-07-25 16:20:23,RT @MSIntune: #MSFT named a leader in the new @Gartner_inc 2018 MQ for Unified Endpoint Management Tools. Learn more https://t.co/Qwrtwa4e1F
#msft,2018-07-25 16:18:22,RT @MSIntune: #MSFT named a leader in the new @Gartner_inc 2018 MQ for Unified Endpoint Management Tools. Learn more https://t.co/Qwrtwa4e1F
#msft,2018-07-25 16:07:11,RT @MSIntune: #MSFT named a leader in the new @Gartner_inc 2018 MQ for Unified Endpoint Management Tools. Learn more https://t.co/Qwrtwa4e1F
#msft,2018-07-25 16:02:12,"RT MSIntune ""#MSFT named a leader in the new Gartner_inc 2018 MQ for Unified Endpoint Management Tools. Learn more https://t.co/GnnG0tv10k"""
#msft,2018-07-25 16:00:12,RT @MSIntune: #MSFT named a leader in the new @Gartner_inc 2018 MQ for Unified Endpoint Management Tools. Learn more https://t.co/Qwrtwa4e1F
#msft,2018-07-25 15:59:19,"#RT MSIntune ""#MSFT named a leader in the new Gartner_inc 2018 MQ for Unified Endpoint Management Tools. Learn more https://t.co/UBpKIxSl2v"""
#msft,2018-07-25 15:59:03,#MSFT named a leader in the new @Gartner_inc 2018 MQ for Unified Endpoint Management Tools. Learn more https://t.co/Qwrtwa4e1F
#msft,2018-07-25 15:30:16,#MSFT lifetime high
#msft,2018-07-25 15:30:00,We are excited to announce a new solution template for OutSystems in the Microsoft Azure Marketplace! We combine th‚Ä¶ https://t.co/DE8mawbroB
#msft,2018-07-25 15:29:44,Microsoft Hackathon Day 2... Come at us bro! w/ @BosleyBeats @LadydeLuce #msft #hackathon #egrcprivacygraph
#msft,2018-07-25 15:29:31,#MSFT high of day
#msft,2018-07-25 15:20:58,108.82  üò±üò≠ #msft
#msft,2018-07-25 15:02:49,La inteligencia artificial est√° en evoluci√≥n constante y Cortana no es la excepci√≥n. Descubre algunas de las funcio‚Ä¶ https://t.co/NjE4bRRdxD
#msft,2018-07-25 14:04:15,Oppenheimer Raises Microsoft FY2019 Earnings Estimates to $4.38 EPS (Previously $3.97). https://t.co/dbOGDC7nIa $MSFT #MSFT
#msft,2018-07-25 13:39:19,"üìà Microsoft #msft just hit a 52 week high of $108.23

Keep track with #Invstr https://t.co/CqAq14M6V1 https://t.co/dkygUYcO84"
#msft,2018-07-25 13:32:04,"Si vous nous suivez, on esp√®re que vous connaissez d√©j√† @Github. Mais apr√®s son rachat par @Microsoft, mieux vaut f‚Ä¶ https://t.co/FPDpLkNCn0"
#msft,2018-07-25 13:30:00,#MSFT largest private #hackathon feeding innovation &amp; exciting ideas #microsoftlife https://t.co/bNtCWGKYmB
#msft,2018-07-25 11:35:09,Here it comes - #MSFT trade added by JNEWSOME https://t.co/uKI8FD3LiR
#msft,2018-07-25 11:09:20,"@KamuranDemir35 ƒ∞nternational hesabƒ±m aktif hale geldi hayƒ±rlƒ±sƒ±yla .#apple,#msft,#INTC,
#QCOM,#MELI ilk alƒ±m opsiyonlarƒ±m olacak :)"
#msft,2018-07-25 10:01:10,"RT @tgefreiter: Finally, I got the new HTML5 based Remote Desktop Services Webclient (GA) working in my Azure based lab. Exciting! Waited s‚Ä¶"
#msft,2018-07-25 07:54:34,"RT @tgefreiter: Finally, I got the new HTML5 based Remote Desktop Services Webclient (GA) working in my Azure based lab. Exciting! Waited s‚Ä¶"
#msft,2018-07-25 07:52:35,"RT @tgefreiter: Finally, I got the new HTML5 based Remote Desktop Services Webclient (GA) working in my Azure based lab. Exciting! Waited s‚Ä¶"
#msft,2018-07-25 07:44:39,"Finally, I got the new HTML5 based Remote Desktop Services Webclient (GA) working in my Azure based lab. Exciting!‚Ä¶ https://t.co/9Ka8hPYBcf"
#msft,2018-07-25 06:36:07,"Are you Bullish or Bearish on #Microsoftüñ•?

1 - 15x Leverage ‚úÖ

‚ñ∂Ô∏è https://t.co/yfuS25BFRM ‚óÄÔ∏è

Register Now &amp; go Lo‚Ä¶ https://t.co/ypobKqzdfa"
#msft,2018-07-25 06:06:23,"RT @WZorNET: üì¢July 24 2018, #MSFT #CumulativeUpdate's, Windows 10 Version's release information-&gt; https://t.co/1Iw26ti57V
1803&gt;https://t.co‚Ä¶"
#msft,2018-07-25 05:17:31,"@gsuite @salesforce I need exactly this from @pipedrive . Will @gsuite do sth. like #MSFT ODBC sources, which will‚Ä¶ https://t.co/A1riLxDpcy"
#msft,2018-07-25 02:38:18,"#shoutouts My üá∫üá∏ brothers and sisters getting in! Nothing but üëäüèΩ‚ù§ &amp;üéµ for you! 

@officialjaden since Skep &amp; Rocky s‚Ä¶ https://t.co/0ELl46LIFb"
#msft,2018-07-25 02:20:09,"#NFLX , #AMZN , #FB , #GOOG , #MSFT , #AAPL , #NVDA , #TSLA „ÅÆÊ†™‰æ°Êé®Áßª„Åß„Åô„ÄÇ#TSLA „ÇíÈô§„ÅÑ„Å¶Âπ¥Âàù„ÅÆÊ†™‰æ°„Çí‰∏äÂõû„Å£„Å¶„ÅÑ„Åæ„Åô„ÄÇ https://t.co/y9O7EI6udo"
#msft,2018-07-25 00:29:20,"Great to have been there! Thanks, Sarah #MSFT https://t.co/0RkXjY8QcF"
#msft,2018-07-25 00:11:34,I am loving the #MSFT stock position right now! +300% and counting #investing
#msft,2018-07-24 23:25:44,"RT @CopyTraderCo: Are you Bullish or Bearish on #Microsoftüñ•?

1 - 15x Leverage ‚úÖ

‚ñ∂Ô∏è https://t.co/9Hp4KUMe0L ‚óÄÔ∏è

Register Now &amp; go Longüìà or‚Ä¶"
#msft,2018-07-24 23:17:29,"RT @CopyTraderCo: Are you Bullish or Bearish on #Microsoftüñ•?

1 - 15x Leverage ‚úÖ

‚ñ∂Ô∏è https://t.co/9Hp4KUMe0L ‚óÄÔ∏è

Register Now &amp; go Longüìà or‚Ä¶"
#msft,2018-07-24 23:17:11,"Are you Bullish or Bearish on #Microsoftüñ•?

1 - 15x Leverage ‚úÖ

‚ñ∂Ô∏è https://t.co/9Hp4KUMe0L ‚óÄÔ∏è

Register Now &amp; go Lo‚Ä¶ https://t.co/JfRE6Z7TE4"
#msft,2018-07-24 23:15:05,"Microsoft's gaming business hits $10 billion in revenue - CNET https://t.co/SL1I8LAQ07
#Microsoft #MicrosoftCorp‚Ä¶ https://t.co/WAjJKW30Yl"
#msft,2018-07-24 21:48:37,"G+: #msft #story (Microsoft and KB2952664 and KB2976978, a never-ending story - gHacks Tech News) https://t.co/s1A2iRfw9e"
#msft,2018-07-24 21:47:53,RT @AudioCodes: Love #MicrosoftTeams or #Skype4B but find managing it a bit of a hassle? Get @AudioCodes #UMP365 and say goodbye to #PowerS‚Ä¶
#msft,2018-07-24 21:35:44,"üì¢July 24 2018, #MSFT #CumulativeUpdate's, Windows 10 Version's release information-&gt; https://t.co/1Iw26ti57V
1803&gt;‚Ä¶ https://t.co/4RdYwlULIk"
#msft,2018-07-24 21:19:05,"Job well done!¬†Go¬†Cyclotron, Inc. (Cyclotron Group)!

#Microsoft¬†#MSFT¬†#O365¬†#Inspire2018¬†#Vegas https://t.co/iaFVerMcph"
#msft,2018-07-24 21:10:04,"Microsoft's gaming business hits $10 billion in revenue - CNET https://t.co/UvDLqw5gya
#Microsoft #MicrosoftCorp‚Ä¶ https://t.co/82qFqek5Ha"
#msft,2018-07-24 19:30:17,"Microsoft wants to win back the consumers it let down - The Verge https://t.co/CoYBJauFvu
#Microsoft #MicrosoftCorp‚Ä¶ https://t.co/ntQe9XDZwv"
#msft,2018-07-24 18:46:21,"#VIX positive
#SPX positive
#DOW positive
#TRAN negative
#MID negative
#RUT negative
#MSFT negative
#NFLX negative
Breadth negative"
#msft,2018-07-24 18:05:52,"RT @fillthegaplearn: At the #msft offices in #Edinburgh today, with an amazing group of passionate #educators, all of whom are focused on m‚Ä¶"
#msft,2018-07-24 17:51:14,RT @AudioCodes: Love #MicrosoftTeams or #Skype4B but find managing it a bit of a hassle? Get @AudioCodes #UMP365 and say goodbye to #PowerS‚Ä¶
#msft,2018-07-24 17:30:22,"Microsoft wants to win back the consumers it let down - The Verge https://t.co/VFsCgNtVpr
#Microsoft #MicrosoftCorp‚Ä¶ https://t.co/08EXuHasgu"
#msft,2018-07-24 17:22:16,RT @AudioCodes: Love #MicrosoftTeams or #Skype4B but find managing it a bit of a hassle? Get @AudioCodes #UMP365 and say goodbye to #PowerS‚Ä¶
#msft,2018-07-24 16:52:48,"These charts are NOT getting any prettier
#MSFT #NFLX #AAPL #RUT #SPX #TSLA #AMZN #TRAN https://t.co/qGr2i4tujo"
#msft,2018-07-24 16:36:00,#MSFT Training News: How GDPR Impacts MCPs and Candidates https://t.co/Eek3wgVCuY
#msft,2018-07-24 16:24:37,Microsoft Office 365 ProPlus - Version 1808 - Build 16.0.10721.20003 #Office365 #Office16 #Office2016 #Office‚Ä¶ https://t.co/7y5JflwFA1
#msft,2018-07-24 16:09:00,Quite a run @futuresio #MSFT #AAPL #DayTrading https://t.co/FC1oAmwpd4
#msft,2018-07-24 15:58:19,RT @mcm_ct: #MSFT #NFLX #TSLA are all red on the day
#msft,2018-07-24 15:53:49,#MSFT #NFLX #TSLA are all red on the day
#msft,2018-07-24 15:05:07,Microsoft Explains ‚ÄúModern Life Services‚Äù in Bid to Win Consumer Hearts - WinBuzzer https://t.co/fXSqx7bfgx‚Ä¶ https://t.co/cr7YK0vdUO
#msft,2018-07-24 15:03:07,#MSFT is filling its gap...if it breaks it down...look out below
#msft,2018-07-24 15:02:44,#MSFT #AAPL REVENUE https://t.co/4DJSvjHpXT
#msft,2018-07-24 15:01:30,#MSFT selling off
#msft,2018-07-24 15:01:15,"Windows 10 Screen Sketch Scores Improved Screenshot Quality - WinBuzzer https://t.co/849ijhzNCw
#Windows10‚Ä¶ https://t.co/CfBhhkgd62"
#msft,2018-07-24 14:26:29,"RT @RatpackInvest: Microsoft earnings beat: $1.13 per share, vs $1.08 expected EPS. Revenue: $30.09 billion, vs. $29.21 billion as expected‚Ä¶"
#msft,2018-07-24 14:03:12,MSFT - #MSFT chart https://t.co/rDURPZf4Ze
#msft,2018-07-24 13:30:24,Microsoft Explains ‚ÄúModern Life Services‚Äù in Bid to Win Consumer Hearts - WinBuzzer https://t.co/AU4SGWnZm9‚Ä¶ https://t.co/6fZXlljHHZ
#msft,2018-07-24 13:30:24,"Windows 10 Screen Sketch Scores Improved Screenshot Quality - WinBuzzer https://t.co/kd2y2c16Hn
#Windows10‚Ä¶ https://t.co/oRxSbhPQFJ"
#msft,2018-07-24 13:30:22,"RT @fillthegaplearn: At the #msft offices in #Edinburgh today, with an amazing group of passionate #educators, all of whom are focused on m‚Ä¶"
#msft,2018-07-24 13:30:21,"üìà Microsoft #msft just hit a 52 week high of $108.57

Keep track with #Invstr https://t.co/CqAq14M6V1 https://t.co/Y02gJImdhT"
#msft,2018-07-24 12:25:18,William Blair Raises Microsoft Q1 2019 Earnings Estimates to $0.94 EPS (Previously $0.93). https://t.co/2wDJBFZLce $MSFT #MSFT
#msft,2018-07-24 12:25:17,Oppenheimer Sets Microsoft Q1 2019 Earnings Estimates at $0.99 EPS. https://t.co/mrkcwg3MXK $MSFT #MSFT
#msft,2018-07-24 12:18:34,"At the #msft offices in #Edinburgh today, with an amazing group of passionate #educators, all of whom are focused o‚Ä¶ https://t.co/uiMhGegCnV"
#msft,2018-07-24 10:58:18,"Malaysians spend an average of 280 million hours in #traffic jams, and MRTC, with the help of #MSFT &amp;‚Ä¶ https://t.co/QQohBNo5S3"
#msft,2018-07-24 10:03:00,"Get an edge over your competence with  #MSFT Dynamics AX to
- Improve Productivity
- Manage Change &amp; Growth
- Compe‚Ä¶ https://t.co/XOkCOVcbW6"
#msft,2018-07-24 09:00:16,RT @AudioCodes: Love #MicrosoftTeams or #Skype4B but find managing it a bit of a hassle? Get @AudioCodes #UMP365 and say goodbye to #PowerS‚Ä¶
#msft,2018-07-24 08:07:01,Love #MicrosoftTeams or #Skype4B but find managing it a bit of a hassle? Get @AudioCodes #UMP365 and say goodbye to‚Ä¶ https://t.co/BXcnqGx2Q2
#msft,2018-07-24 06:21:20,"RT @ElixiumCrypto: Are you Bullish or Bearish on #Microsoftüñ•?

1 - 15x Leverage ‚úÖ

‚ñ∂Ô∏è https://t.co/yfuS25BFRM ‚óÄÔ∏è

Register Now &amp; go Longüìà o‚Ä¶"
#msft,2018-07-24 06:16:00,"Malaysians spend an average of 280 million hours in #traffic jams, and MRTC, with the help of #MSFT &amp;‚Ä¶ https://t.co/RzCTJlFHhB"
#msft,2018-07-24 06:15:12,"Are you Bullish or Bearish on #Microsoftüñ•?

1 - 15x Leverage ‚úÖ

‚ñ∂Ô∏è https://t.co/yfuS25BFRM ‚óÄÔ∏è

Register Now &amp; go Lo‚Ä¶ https://t.co/v1QzpfQLjF"
#msft,2018-07-23 23:45:03,Walmart and Microsoft Take on Amazon...And Other Small Business Tech News This Week https://t.co/fGxGhQUruG‚Ä¶ https://t.co/YWSSlkRumy
#msft,2018-07-23 23:20:12,"Are you Bullish or Bearish on #Microsoftüñ•?

1 - 15x Leverage ‚úÖ

‚ñ∂Ô∏è https://t.co/9Hp4KUMe0L ‚óÄÔ∏è

Register Now &amp; go Lo‚Ä¶ https://t.co/9tWzn00H7d"
#msft,2018-07-23 22:41:58,"RT @realKroone: #Mueller's findings on #DNCHacking point blame at #FBI #Strzok #Comey

#FBI #Obama #DNC #DCCC #MSFT all knew about #Fancybe‚Ä¶"
#msft,2018-07-23 21:40:03,Walmart and Microsoft Take on Amazon...And Other Small Business Tech News This Week https://t.co/L0Grl8n67P‚Ä¶ https://t.co/Tfe1FDqoeq
#msft,2018-07-23 20:28:40,3 top #cloud #stocks to buy in 2018 #markets #investing #msft #QTWO #OTEX  $MSFT $QTWO $OTEX‚Ä¶ https://t.co/UDCInMNtSn
#msft,2018-07-23 20:19:34,RT @MicrosoftARC: Curious about @MSFTQuantum? Register for our upcoming industry analyst digital briefing on August 8 at 2:30 pm US PT and‚Ä¶
#msft,2018-07-23 20:08:05,RT @MicrosoftARC: Curious about @MSFTQuantum? Register for our upcoming industry analyst digital briefing on August 8 at 2:30 pm US PT and‚Ä¶
#msft,2018-07-23 19:42:28,Curious about @MSFTQuantum? Register for our upcoming industry analyst digital briefing on August 8 at 2:30 pm US P‚Ä¶ https://t.co/PYYJJoB7Lc
#msft,2018-07-23 19:30:12,Microsoft will continue to invest aggressively in gaming going forward - MSPoweruser https://t.co/pTwUSoyNNb‚Ä¶ https://t.co/9r7m7jlyFu
#msft,2018-07-23 18:44:52,"RT @digimkr: Fascinating read; Interesting that in a way ""eating your own dog food"" ended up being Microsoft's Achilles heel during the Bal‚Ä¶"
#msft,2018-07-23 18:29:09,Microsoft Corporation is up $1.71 (1.61%) today. The stock is up more than 51% from it's 52 week low. #MSFT https://t.co/K8C5Ms71VQ
#msft,2018-07-23 17:30:17,Microsoft CEO Satya Nadella's master plan for the cloud is working - Business Insider https://t.co/HyxQutnc1J‚Ä¶ https://t.co/biUBeWQWGG
#msft,2018-07-23 17:24:52,RT @Karlitoz007: The next wave of computing is the intelligent edge and intelligent cloud. #Microsoft #MSFT https://t.co/3prGkxchTb
#msft,2018-07-23 17:17:37,The next wave of computing is the intelligent edge and intelligent cloud. #Microsoft #MSFT https://t.co/3prGkxchTb
#msft,2018-07-23 16:18:31,The Brokers at GSIMarkets whould like to inform you that: Microsoft Corp (MSFT) stock rose by 1.3259%! Currently pr‚Ä¶ https://t.co/C2UoyeFKQF
#msft,2018-07-23 16:15:23,Microsoft: Within Spitting Distance Of $1 Trillion  |  https://t.co/mbvUtmW4TA |  #Office365 #Dynamics365 #MSDyn365‚Ä¶ https://t.co/NtUj70AcrI
#msft,2018-07-23 15:54:54,BLOCK TRADE detected in #MSFT
#msft,2018-07-23 15:38:53,"Microsoft CEO: We're 'Accelerating Our Lead' With Azure, Dynamics 365  |  https://t.co/4kpJP3OgI0 |  #Office365‚Ä¶ https://t.co/xApdbMpmDN"
#msft,2018-07-23 15:35:09,"Microsoft CEO: We're 'Accelerating Our Lead' With Azure, Dynamics 365  |  https://t.co/eQFdQjQU9X |  #Office365‚Ä¶ https://t.co/QjkY8pca9A"
#msft,2018-07-23 15:13:13,Microsoft sees it all come together in financials as Azure revenues go up 89% year on year |‚Ä¶ https://t.co/BKM6L9txfD
#msft,2018-07-23 15:10:11,Microsoft sees it all come together in financials as Azure revenues go up 89% year on year |‚Ä¶ https://t.co/v2r0alnE3O
#msft,2018-07-23 15:08:41,Event-based data integration with Azure Data Factory | https://t.co/qnkxfdC9Lz | #Azure #Cloud #CloudComputing‚Ä¶ https://t.co/LG2K0tm8K0
#msft,2018-07-23 15:05:11,Event-based data integration with Azure Data Factory | https://t.co/6rHPiQJIkL | #Azure #Cloud #CloudComputing‚Ä¶ https://t.co/ZTxuzkPRVo
#msft,2018-07-23 15:04:11,Microsoft Azure SQL Data Warehouse Enhancements Include Speed Boost  | https://t.co/I9tzUjvhmd |  #Azure #Cloud‚Ä¶ https://t.co/5kYaIK7MM8
#msft,2018-07-23 15:00:40,Microsoft Azure SQL Data Warehouse Enhancements Include Speed Boost  | https://t.co/nuat8xaYw8 |  #Azure #Cloud‚Ä¶ https://t.co/KwfL4Oq4GM
#msft,2018-07-23 14:33:35,Microsoft hits $100 billion revenue for first time: What next! |  https://t.co/mGHrmSADdL |  #Azure #Cloud‚Ä¶ https://t.co/wJcYowbRpA
#msft,2018-07-23 14:30:15,Microsoft hits $100 billion revenue for first time: What next! |  https://t.co/QbtjCVGiJe |  #Azure #Cloud‚Ä¶ https://t.co/HyOhCZ65bW
#msft,2018-07-23 14:17:17,"RT @SeanAlex: ""Analysts had expected Microsoft to earn $29.21 billion in revenue and earnings per share of $1.08. The company destroyed exp‚Ä¶"
#msft,2018-07-23 13:30:20,"Microsoft Dynamics 365 sigue mejorando con nuevas capacidades. Ent√©rate de las novedades. 

https://t.co/YepJAyDs5Q‚Ä¶ https://t.co/Orz6ClRhV4"
#msft,2018-07-23 13:17:48,#MSFT does not only mean #MICROSOFT but also #MISFIT.
#msft,2018-07-23 10:39:06,Well said by #SatyaNadella #Microsoft #MSFT
#msft,2018-07-23 08:15:29,Heeft iemand nog #nieuws tips over #Microsoft? Deze kunnen wij altijd gebruiken! #software #MSFT
#msft,2018-07-23 07:24:06,RT @SharePointSwiss: Learn Azure Virtual Machines https://t.co/jdDc9QNZKe #Azure #Virtual #MSFT https://t.co/HSxDoa6nKN
#msft,2018-07-23 07:15:01,Learn Azure Virtual Machines https://t.co/jdDc9QNZKe #Azure #Virtual #MSFT https://t.co/HSxDoa6nKN
#msft,2018-07-23 07:03:04,KeyCorp Raises Microsoft Q1 2019 Earnings Estimates to $0.96 EPS (Previously $0.95). https://t.co/euZdg5R0Nl $MSFT #MSFT
#msft,2018-07-23 07:02:49,Piper Jaffray Companies Raises Microsoft Q1 2019 Earnings Estimates to $0.95 EPS (Previously $0.92). https://t.co/LP9bCIxWJa $MSFT #MSFT
#msft,2018-07-23 07:02:46,Jefferies Financial Group Raises Microsoft Q1 2019 Earnings Estimates to $0.94 EPS (Previously $0.93). https://t.co/lxPsnz6MQq $MSFT #MSFT
#msft,2018-07-23 06:49:35,I'm really looking forward to the  Surface Phone. I have a feeling Microsoft is redesigning the whole phone OS unde‚Ä¶ https://t.co/QDSB1bXjAr
#msft,2018-07-23 06:34:17,I starting using my Windows Phone again after using an iPhone and an Android. Windows Phone's get things done with‚Ä¶ https://t.co/uJFdIhv4Nd
#msft,2018-07-23 06:12:20,"RT @ElixiumCrypto: Are you Bullish or Bearish on #Microsoftüñ•?

1 - 15x Leverage ‚úÖ

‚ñ∂Ô∏è https://t.co/yfuS25BFRM ‚óÄÔ∏è

Register Now &amp; go Longüìà o‚Ä¶"
#msft,2018-07-23 06:09:09,"Are you Bullish or Bearish on #Microsoftüñ•?

1 - 15x Leverage ‚úÖ

‚ñ∂Ô∏è https://t.co/yfuS25BFRM ‚óÄÔ∏è

Register Now &amp; go Lo‚Ä¶ https://t.co/HGwiIMe6ne"
#msft,2018-07-23 05:33:53,Schools eye facial recognition technology to boost security $MSFT #MSFT #Technology #Schoolsafety #Educationissues https://t.co/6jYWTFTM3q
#msft,2018-07-23 05:33:45,Schools eye facial recognition technology to boost security $MSFT #MSFT #Technology #Schoolsafety #Educationissues https://t.co/7lcjfeWj9y
#msft,2018-07-23 02:44:19,@officialjaden You can choose any genre you want to. I'll always support you. üíú #MSFT
#msft,2018-07-23 02:19:14,3/ the #MSFT results were stunning but that doesn't impress me. What does is that the best is ahead 4 customers bco‚Ä¶ https://t.co/tHhN5gpouv
#msft,2018-07-23 01:49:13,"#NFLX , #AMZN , #FB , #GOOG , #MSFT , #AAPL , #NVDA „ÅÆÊ†™‰æ°Êé®Áßª„Åß„Åô„ÄÇ20Êó•ÊôÇÁÇπ„Åß„ÅØ7ÈäòÊüÑ„Åô„Åπ„Å¶Âπ¥ÂàùÊØî„Éó„É©„Çπ„ÇíÁ∂≠ÊåÅ„Åó„Å¶„ÅÑ„Åæ„Åô„ÄÇ https://t.co/eRmUJQCzrT"
#msft,2018-07-22 23:34:04,"Are you Bullish or Bearish on #Microsoftüñ•?

1 - 15x Leverage ‚úÖ

‚ñ∂Ô∏è https://t.co/9Hp4KUMe0L ‚óÄÔ∏è

Register Now &amp; go Lo‚Ä¶ https://t.co/F45eNCzRmZ"
#msft,2018-07-22 22:46:45,"Honored to be standing next to our  president (Kevin Peesker) while representing Team Canada!

#msinspire #msready‚Ä¶ https://t.co/kIDKSTT8oR"
#msft,2018-07-22 22:10:48,"Closed Buy 0.01 Lots #MSFT 101.12 for +628.0 pips, total for today +628.0 pips"
#msft,2018-07-22 21:21:44,"2 years after MSFT buys LinkedIn, there is still no integration to Outlook or even a supported contact sync.¬†‚Ä¶ https://t.co/HCwDzEOypj"
#msft,2018-07-22 18:05:27,RT @chartreadingpro: @StockBoardAsset #MSFT https://t.co/DjfiMr2J07
#msft,2018-07-22 18:00:44,"Technology is helping save species worldwide. Learn how from experts at Woodland Park Zoo, Microsoft, and Vulcan.‚Ä¶ https://t.co/e30s6mSvV3"
#msft,2018-07-22 17:58:36,@StockBoardAsset #MSFT https://t.co/DjfiMr2J07
#msft,2018-07-22 17:56:54,@DavidSchawel #MSFT https://t.co/gXV9uvKuQa
#msft,2018-07-22 17:44:00,Visit @liquidware updated customer page it's full of informative stories of how customers - across all sectors - ga‚Ä¶ https://t.co/ZFmh38lqnM
#msft,2018-07-22 16:57:04,RT @MarketSwingPlay: $SPY How to really trade support and resistance zones for beginners by MSP #SPY $MSFT #MSFT https://t.co/MJREoqpns8
#msft,2018-07-22 16:00:21,Ready to start a day for Flow training in #seattle at #msft business applications summit https://t.co/eoP7F0zX9o
#msft,2018-07-22 15:10:14,"#Mueller's findings on #DNCHacking point blame at #FBI #Strzok #Comey

#FBI #Obama #DNC #DCCC #MSFT all knew about‚Ä¶ https://t.co/kIDTffyvpD"
#msft,2018-07-22 15:05:26,"#Mueller's findings on #DNCHacking point blame at #FBI #Strzok #Comey

#Microsoft filed lawsuit in 2016 against‚Ä¶ https://t.co/bsjxSy7TqX"
#msft,2018-07-22 15:00:27,#Microsoft #SurfaceGo Best Buy Pre-Order #Deals Include $50 Gift Card https://t.co/0iAZxsMsNA via @HotHardware #MSFT #BBY
#msft,2018-07-22 14:01:21,RT @TheCloudand_Me: Microsoft beats Wall Street targets on cloud services revenue | https://t.co/S0IT2aXHiW | #Office365 #Dynamics365 #MSDy‚Ä¶
#msft,2018-07-22 12:21:15,Microsoft: Xmas Is Coming In October: https://t.co/oW7C0qLVfB #MSFT https://t.co/nqkcix8QYD
#msft,2018-07-22 12:18:40,RT @dixus: Microsoft adds new data prep capabilities to Power BI https://t.co/YSKU9kBPIk #MSFT #Analytics #BI
#msft,2018-07-22 11:26:50,"RT @alletec: Unsatisfied with your current CRM system and want to migrate to #MSFT Dynamics CRM? 

Here is a complete guide on Dynamics CRM‚Ä¶"
#msft,2018-07-22 11:16:23,Sunday. A moment after noon. Time for unexpected journey to Scotland ||HKN-NOT-EMA-GLA|| Seems I got everything wha‚Ä¶ https://t.co/YUgIa5PYo7
#msft,2018-07-22 10:06:07,RT @AlertTrade: Trading Ideas: 2ND TEST - MOVING WATER - MICROSOFT CORPORATION #MSFT - #NASDAQ https://t.co/vFY4AOE9ZM üìà FREE trade-of-week‚Ä¶
#msft,2018-07-22 10:06:06,RT @AlertTrade: Trading Ideas: 2ND TEST - MOVING WATER - MICROSOFT CORPORATION #MSFT - #NASDAQ https://t.co/vFY4AOE9ZM üìà FREE trade-of-week‚Ä¶
#msft,2018-07-22 10:06:06,RT @AlertTrade: Trading Ideas: 2ND TEST - MOVING WATER - MICROSOFT CORPORATION #MSFT - #NASDAQ https://t.co/vFY4AOE9ZM üìà FREE trade-of-week‚Ä¶
#msft,2018-07-22 09:09:10,RT @dixus: Microsoft adds new data prep capabilities to Power BI https://t.co/YSKU9kBPIk #MSFT #Analytics #BI
#msft,2018-07-22 08:30:05,Microsoft adds new data prep capabilities to Power BI https://t.co/YSKU9kBPIk #MSFT #Analytics #BI
#msft,2018-07-22 08:09:11,RT @AlertTrade: Trading Ideas: 2ND TEST - MOVING WATER - MICROSOFT CORPORATION #MSFT - #NASDAQ https://t.co/vFY4AOE9ZM üìà FREE trade-of-week‚Ä¶
#msft,2018-07-22 08:09:10,Trading Ideas: 2ND TEST - MOVING WATER - MICROSOFT CORPORATION #MSFT - #NASDAQ https://t.co/vFY4AOE9ZM üìà FREE trade‚Ä¶ https://t.co/qlDd6qtvvv
#msft,2018-07-22 07:22:55,$SPY What are Pivot Points &amp; why do they provide significant trading opportunities to profit!‚Ä¶ https://t.co/Jh8SVJ0WVm
#msft,2018-07-22 07:05:05,RT @AlertTrade: Trading Ideas: 2ND TEST - MOVING WATER - MICROSOFT CORPORATION #MSFT - #NASDAQ https://t.co/4lXJLNfTww üìà FREE trade-of-week‚Ä¶
#msft,2018-07-22 07:05:05,RT @AlertTrade: Trading Ideas: 2ND TEST - MOVING WATER - MICROSOFT CORPORATION #MSFT - #NASDAQ https://t.co/4lXJLNfTww üìà FREE trade-of-week‚Ä¶
#msft,2018-07-22 07:05:05,RT @AlertTrade: Trading Ideas: 2ND TEST - MOVING WATER - MICROSOFT CORPORATION #MSFT - #NASDAQ https://t.co/4lXJLNfTww üìà FREE trade-of-week‚Ä¶
#msft,2018-07-22 06:28:59,RT @movingXwater: 2ND TEST - MOVING WATER - MICROSOFT CORPORATION  #MSFT - #NASDAQ - #MSFT chart https://t.co/uYWuvTHEGU
#msft,2018-07-22 06:24:05,"Are you Bullish or Bearish on #Microsoftüñ•?

1 - 15x Leverage ‚úÖ

‚ñ∂Ô∏è https://t.co/yfuS25BFRM ‚óÄÔ∏è

Register Now &amp; go Lo‚Ä¶ https://t.co/OJqMP0t80N"
#msft,2018-07-22 06:14:12,RT @AlertTrade: Trading Ideas: 2ND TEST - MOVING WATER - MICROSOFT CORPORATION #MSFT - #NASDAQ https://t.co/4lXJLNfTww üìà FREE trade-of-week‚Ä¶
#msft,2018-07-22 06:02:07,RT @AlertTrade: Trading Ideas: 2ND TEST - MOVING WATER - MICROSOFT CORPORATION #MSFT - #NASDAQ https://t.co/4lXJLNfTww üìà FREE trade-of-week‚Ä¶
#msft,2018-07-22 06:02:06,Trading Ideas: 2ND TEST - MOVING WATER - MICROSOFT CORPORATION #MSFT - #NASDAQ https://t.co/4lXJLNfTww üìà FREE trade‚Ä¶ https://t.co/oOcTMwlkzX
#msft,2018-07-22 05:59:31,2ND TEST - MOVING WATER - MICROSOFT CORPORATION  #MSFT - #NASDAQ - #MSFT chart https://t.co/uYWuvTHEGU
#msft,2018-07-21 23:02:41,"RT @sargonmorad: What a great week at #Microsoft Ready. Met with partners, heard from our leadership team and we had a party headlined by @‚Ä¶"
#msft,2018-07-21 23:02:12,"Are you Bullish or Bearish on #Microsoftüñ•?

1 - 15x Leverage ‚úÖ

‚ñ∂Ô∏è https://t.co/9Hp4KUMe0L ‚óÄÔ∏è

Register Now &amp; go Lo‚Ä¶ https://t.co/skjZk5cZvl"
#msft,2018-07-21 21:54:34,"What a great week at #Microsoft Ready. Met with partners, heard from our leadership team and we had a party headlin‚Ä¶ https://t.co/tsnRoX74Cc"
#msft,2018-07-21 21:03:37,"RT majorgeeks ""Microsoft Office Configuration Progress Startup Fix https://t.co/veBXcA7lHt #Microsoft #MSFT #Office‚Ä¶ https://t.co/bDIGgLikUT"
#msft,2018-07-21 21:00:05,Microsoft Office Configuration Progress Startup Fix https://t.co/m36SUUHhG6 #Microsoft #MSFT #Office #HowTo https://t.co/m36SUUHhG6
#msft,2018-07-21 20:34:32,"RT @DDRANTE: @MrMacMan18 @Forbes @nFuszInc $FUSZ
#SAP #CRM #ADBE #PEGA #NICE #VRNT #MSFT #AAPL #AMZN #HP #TWTR #FB #SNAP 
@RichBohn @Oracle‚Ä¶"
#msft,2018-07-21 19:33:44,"ùôèùôùùôö ùôõùôûùôßùô®ùô© ùô©ùôûùô¢ùôö ùôûùô£ ùôùùôûùô®ùô©ùô§ùôßùôÆ ùôàùôûùôòùôßùô§ùô®ùô§ùôõùô© ùôöùôñùôßùô£ùôöùôô ùô¢ùô§ùôßùôö ùô©ùôùùôñùô£ üíµ $100 ùôóùôûùô°ùô°ùôûùô§ùô£ ùôûùô£ ùôñ ùôõùôûùô®ùôòùôñùô° ùôÆùôöùôñùôß.

#MSFT #Microsoft  
#Aquaman‚Ä¶ https://t.co/LeLhTfXhYh"
#msft,2018-07-21 17:45:03,$SPY How to really trade support and resistance zones for beginners by MSP #SPY $MSFT #MSFT https://t.co/MJREoqpns8
#msft,2018-07-21 16:49:22,"Earnings Reports: 
#MSFT (7/20), #GOOGL (7/23), #FB (7/25), #AMZN (7/26), #AAPL (7/31) https://t.co/mzu4WerbFg"
#msft,2018-07-21 16:01:06,"What do you think? ü§î

#MSFTAlum #MSFT #Microsoft https://t.co/9bIeZUGu7h"
#msft,2018-07-21 15:34:40,#Microsoft #Deals Over 700 #Xbox And #PCGame #Discounts In Ultimate Summer #Sale #deal #MSFT https://t.co/h6Nc4frSd3 via @HotHardware
#msft,2018-07-21 12:49:27,"Some analysts are convinced #MSFT is succeeding in shifting its business model, selling licensed software to a subs‚Ä¶ https://t.co/0okXIbWZ2M"
#msft,2018-07-21 12:36:42,@m365devpodcast @paulschaeflein @jthake @yochayk @msbotframework He is back woking for #MSFT? Great!
#msft,2018-07-21 12:34:08,How Microsoft could become a $1 trillion company #msft https://t.co/KdL9J2hYuk
#msft,2018-07-21 10:23:13,Incredible how much spam and phising emails come through #MSFT #Exchange's spam filters.
#msft,2018-07-21 07:47:00,The road to $1T. I‚Äôm all in! #msft #msft$130 https://t.co/q0XX4Bzzig
#msft,2018-07-21 07:30:18,If you want to start a keynote speech with impact then learn from @gavriels1 Corenote from Day 1 of @Microsoft‚Ä¶ https://t.co/8DSEY4kDez
#msft,2018-07-21 06:24:16,"RT @ElixiumCrypto: Are you Bullish or Bearish on #Microsoftüñ•?

1 - 15x Leverage ‚úÖ

‚ñ∂Ô∏è https://t.co/yfuS25BFRM ‚óÄÔ∏è

Register Now &amp; go Longüìà o‚Ä¶"
#msft,2018-07-21 06:18:09,"Are you Bullish or Bearish on #Microsoftüñ•?

1 - 15x Leverage ‚úÖ

‚ñ∂Ô∏è https://t.co/yfuS25BFRM ‚óÄÔ∏è

Register Now &amp; go Lo‚Ä¶ https://t.co/qg0PN19ueI"
#msft,2018-07-21 05:24:12,"RT @bitchwhocodes: Next week is our company Hackathon, starting to set up here at @msftgarage @microsoftvan.  #msft'ers this week is about‚Ä¶"
#msft,2018-07-21 03:23:59,RT @WorkingHardInIT: Happy to have helped #ParksCanada with a printer &amp; scanner issue. Being a MVP is about helping out! They can use some‚Ä¶
#msft,2018-07-21 01:00:06,"RT @bitchwhocodes: Next week is our company Hackathon, starting to set up here at @msftgarage @microsoftvan.  #msft'ers this week is about‚Ä¶"
#msft,2018-07-21 00:30:26,"RT @MicrosoftASIA: Malaysians spend an average of 280 million hours in #traffic jams, and MRTC, with the help of #MSFT &amp; @BentleySystem, is‚Ä¶"
#msft,2018-07-21 00:29:53,"RT @MicrosoftASIA: Malaysians spend an average of 280 million hours in #traffic jams, and MRTC, with the help of #MSFT &amp; @BentleySystem, is‚Ä¶"
#msft,2018-07-21 00:18:32,"RT @microsoftalumni: Wow! Windows 10 is almost three years old already üòÆ

#MSFTAlum #MSFT #Microsoft https://t.co/57YRRoyKH9"
#msft,2018-07-20 23:47:54,"@zerohedge @HenrikZeberg With 4 tech companies, $AAPL $AMZN #GGOGL #MSFT pushing the unprecedented $1,000,000,000,0‚Ä¶ https://t.co/JkSPXtbaJd"
#msft,2018-07-20 23:30:12,"Microsoft will evolve from ""dino tech"" as it expands on gaming and cloud, says O'Leary https://t.co/Ubmu1BawEa‚Ä¶ https://t.co/498XPYtbtX"
#msft,2018-07-20 23:25:11,"Are you Bullish or Bearish on #Microsoftüñ•?

1 - 15x Leverage ‚úÖ

‚ñ∂Ô∏è https://t.co/9Hp4KUMe0L ‚óÄÔ∏è

Register Now &amp; go Lo‚Ä¶ https://t.co/nxBWbpTsD9"
#msft,2018-07-20 22:38:25,Á±≥ÂõΩÊ†™ÂºèÊ¶ÇÊ≥Å„ÄÇÔºÉ„Ç¢„Éû„Çæ„É≥ ÔºÉ„Çπ„ÇØ„Ç®„Ç¢ ÔºÉ„Ç®„Éå„Éì„Éá„Ç£„Ç¢ ÔºÉ„Ç¢„É™„Éê„Éê  ÔºÉJP„É¢„É´„Ç¨„É≥„ÉÅ„Çß„Éº„Çπ ÔºÉÈòøÈáåÂ∑¥Â∑¥ÈõÜÂõ£  ÔºÉ„ÉÑ„Ç§„ÉÉ„Çø„Éº  ÔºÉAmazon‚Å† ‚Å†‚Å† ‚Å†¬†¬†  ÔºÉ„Éû„Ç§„ÇØ„É≠„ÇΩ„Éï„Éà  ÔºÉ„Éö„Ç§„Éë„É´ ÔºÉBABA  ÔºÉNVDA ÔºÉSQ‚Ä¶ https://t.co/cbcicfdydy
#msft,2018-07-20 21:57:25,"RT @DSWzonepicktick: #MSFT/GME...‚ÄùGuardians of the Galaxy' director James Gunn responded after some of his old 'shocking' and ...

https://‚Ä¶"
#msft,2018-07-20 21:35:06,"Microsoft will evolve from ""dino tech"" as it expands on gaming and cloud, says O'Leary https://t.co/PD4BjvgcT0‚Ä¶ https://t.co/m5Pj7s7Hbl"
#msft,2018-07-20 21:30:08,"Microsoft Updates To-Do With a Star Rating System - WinBuzzer https://t.co/k0oMbbaUUW
#Microsoft #MicrosoftCorp‚Ä¶ https://t.co/rzXm0sPLjn"
#msft,2018-07-20 21:13:34,Microsoft‚Äôs #PowerShell Core app comes to #Ubuntu and #Linux as a snap package https://t.co/8RoARwYYhx #oss #os #msft
#msft,2018-07-20 21:09:01,RT @shanebrighton: Microsoft Emerges as Clear No. 2 in Cloud Computing |  https://t.co/MoKbEJiJM9 | #Office365 #Dynamics365 #MSDyn365  #Dyn‚Ä¶
#msft,2018-07-20 21:01:11,Microsoft Emerges as Clear No. 2 in Cloud Computing |  https://t.co/MoKbEJiJM9 | #Office365 #Dynamics365 #MSDyn365‚Ä¶ https://t.co/H4KuZEMEDX
#msft,2018-07-20 21:00:30,Microsoft Emerges as Clear No. 2 in Cloud Computing |  https://t.co/dMUyy8uzDp | #Office365 #Dynamics365 #MSDyn365‚Ä¶ https://t.co/lyWgTkeTiv
#msft,2018-07-20 20:42:52,@Microsoft profit climbs as @cloud grows @LinkedIn contributes #MSFT https://t.co/kGSc2Z5uJ2 via @ChannelNewsAsia
#msft,2018-07-20 20:20:34,"bot back $MSFT short #CALL &amp; short #PUT of Jul20 #earnings  #ironbutterfly 4 a 34.9% return of risk, long call &amp; pu‚Ä¶ https://t.co/bVocbAXQmR"
#msft,2018-07-20 20:17:23,RT @piraiee: How can we fully explore #ArtificialIntelligence so that anyone can benefit from it? @Microsoft is investing $25 million into‚Ä¶
#msft,2018-07-20 20:03:43,"Next week is our company Hackathon, starting to set up here at @msftgarage @microsoftvan.  #msft'ers this week is a‚Ä¶ https://t.co/UgPLZmvzGF"
#msft,2018-07-20 20:00:55,"Wow! Windows 10 is almost three years old already üòÆ

#MSFTAlum #MSFT #Microsoft https://t.co/57YRRoyKH9"
#msft,2018-07-20 19:30:13,"Microsoft Updates To-Do With a Star Rating System - WinBuzzer https://t.co/tTY4jZUhft
#Microsoft #MicrosoftCorp‚Ä¶ https://t.co/k7z0qalEUp"
#msft,2018-07-20 19:21:56,#MSFT/GME...‚ÄùGuardians of the Galaxy' director James Gunn responded after some of his old 'shocking' and ...‚Ä¶ https://t.co/Bc9ZByLnTC
#msft,2018-07-20 19:21:21,RT @shanebrighton: 1 Big Catalyst for Microsoft's Cloud Computing Business |  https://t.co/hl7N5pEPyo |  #Office365 #Dynamics365 #MSDyn365‚Ä¶
#msft,2018-07-20 19:16:07,1 Big Catalyst for Microsoft's Cloud Computing Business |  https://t.co/hl7N5pEPyo |  #Office365 #Dynamics365‚Ä¶ https://t.co/bhwXUYzlc1
#msft,2018-07-20 19:16:06,"Azure running out of internets in UK South, starts rationing VMs | https://t.co/ZG9Szk7jII | #Azure #Cloud‚Ä¶ https://t.co/F7gOVo7276"
#msft,2018-07-20 19:16:06,How Microsoft's Agreement with NOV Could Drive Growth | https://t.co/wH8KCIacT6 | #Azure #Cloud #CloudComputing‚Ä¶ https://t.co/H7C4HYFvx4
#msft,2018-07-20 19:15:16,1 Big Catalyst for Microsoft's Cloud Computing Business |  https://t.co/qpJ0sg0WQa |  #Office365 #Dynamics365‚Ä¶ https://t.co/jUq0jVquRR
#msft,2018-07-20 19:15:15,"Azure running out of internets in UK South, starts rationing VMs | https://t.co/uCUxqrlrls | #Azure #Cloud‚Ä¶ https://t.co/siFDw7tY0a"
#msft,2018-07-20 19:15:14,How Microsoft's Agreement with NOV Could Drive Growth | https://t.co/apSjtgG188 | #Azure #Cloud #CloudComputing‚Ä¶ https://t.co/MKD9XIKcOm
#msft,2018-07-20 18:55:16,Azure promises to keep your backups safe and snug for up to 10 years |  https://t.co/loQ0Mded3v | #Azure #Cloud‚Ä¶ https://t.co/rYPFD4mvk9
#msft,2018-07-20 18:50:08,Azure promises to keep your backups safe and snug for up to 10 years |  https://t.co/IXdC6uISAh | #Azure #Cloud‚Ä¶ https://t.co/YJJ4TZ5dNz
#msft,2018-07-20 18:45:48,Microsoft beats Wall Street targets on cloud services revenue | https://t.co/UgNafsvSBe | #Office365 #Dynamics365‚Ä¶ https://t.co/QKpEOwZq8C
#msft,2018-07-20 18:38:49,Microsoft beats Wall Street targets on cloud services revenue | https://t.co/S0IT2aXHiW | #Office365 #Dynamics365‚Ä¶ https://t.co/Tzyjcfbm4p
#msft,2018-07-20 18:31:42,Just an FYI...#investing #finance #AAPL #GOOGL #MSFT #FB #AMZN https://t.co/4Jey8Yj8Rt
#msft,2018-07-20 17:57:09,#MSFT @MIEEJust completed the Empower every student with an inclusive classroom course on the #MicrosoftEdu Educato‚Ä¶ https://t.co/txLL0gdGoW
#msft,2018-07-20 17:40:08,Microsoft is planning to make its next fortune from Internet of Things devices - TechSpot https://t.co/XfQatlFW1o‚Ä¶ https://t.co/PDenJYlWlH
#msft,2018-07-20 17:30:14,"Microsoft Updates To-Do With a Star Rating System - WinBuzzer https://t.co/xkjf8Y0eME
#Microsoft #MicrosoftCorp‚Ä¶ https://t.co/VLZjM5r8rF"
#msft,2018-07-20 17:29:46,@CarmenCrincoli Rumors say it happens once every 5 years üòÇ #msft #replyallstorm https://t.co/DSwwHxQcZC
#msft,2018-07-20 17:28:02,Only 20 points off overnight lows - even with #MSFT report
#msft,2018-07-20 16:58:00,Honored to be recognized as a #MSFT MVP again this year. My kit came today with new certificate and year puck to ad‚Ä¶ https://t.co/9BcxjSBOVG
#msft,2018-07-20 16:54:48,"RT @cyrilvoisin: Speaking of security: A discussion with Bret Arsenault, CISO at Microsoft https://t.co/jmFK2MUH4N #security #msft #CISO #p‚Ä¶"
#msft,2018-07-20 16:20:56,The Brokers at GSIMarkets whould like to inform you that: Microsoft Corp (MSFT) stock rose by 2.2414%! Currently pr‚Ä¶ https://t.co/o6Iay8mk8z
#msft,2018-07-20 16:10:53,"TextWorld: Un ambiente de aprendizaje para entrenar a los agentes de aprendizaje por refuerzo, inspirado en juegos‚Ä¶ https://t.co/48E7pMHzBa"
#msft,2018-07-20 16:04:08,"RT @microsoftalumni: Do you find yourself wishing you still had access to the Microsoft Company store? We've got you covered.

Renew your m‚Ä¶"
#msft,2018-07-20 16:01:35,"Microsoft's focus on cloud, partnerships paying off. Here's why https://t.co/Oy8eMBfRLf #microsoft #cloudcomputing‚Ä¶ https://t.co/jWe5tgRyH0"
#msft,2018-07-20 15:56:10,"#MSFT #Microsoft 
#MindTheGap https://t.co/PgyOy29BJB"
#msft,2018-07-20 15:50:16,Microsoft Delivers 2X Azure SQL Data Warehouse Query Performance  | https://t.co/UxmxeJRZrP |   #Azure #Cloud‚Ä¶ https://t.co/sGMZlDYVVk
#msft,2018-07-20 15:29:48,"7/20/18 ""LIVE"" INTRADAY TRADING - #MSFT #SKX #TSLA #GE #SLB #VFC #STT ETC ER... - pay day guys! trade safe! https://t.co/4M3vGnbm8f"
#msft,2018-07-20 15:24:11,RT @EagleBrookCap: $GRCU #MJ #Hemp #CannabisCommunity @mjcryptox @trade420 @PhillyB420 #billions #bullish #profit #options #bulls #bears #w‚Ä¶
#msft,2018-07-20 15:24:05,$GRCU #MJ #Hemp #CannabisCommunity @mjcryptox @trade420 @PhillyB420 #billions #bullish #profit #options #bulls‚Ä¶ https://t.co/3U4VAJC4lk
#msft,2018-07-20 15:23:46,RT @aliasgarmg: @Sarge986 However #MSFT giving fruits. Yesterday sellers are regretting and coming back
#msft,2018-07-20 15:15:00,"Check out the latest updates in Wijmo! 

#expandyourtech #vscode #visualstudio #msft #javascript #webdesigner"
#msft,2018-07-20 15:12:44,"RT @SeanAlex: ""Analysts had expected Microsoft to earn $29.21 billion in revenue and earnings per share of $1.08. The company destroyed exp‚Ä¶"
#msft,2018-07-20 14:39:28,"Acciones que reportaron tras el cierre de la Jornada de ayer  #AfterMarket, donde destacan. #COF (+2.98%), #ETFC (-‚Ä¶ https://t.co/AFvZajupJF"
#msft,2018-07-20 14:20:15,"No surprise to anyone who attended @Microsoft #MSInspire  last week, but #MSFT #earnings beat the highest of analys‚Ä¶ https://t.co/scRO9ch6n4"
#msft,2018-07-20 14:17:33,#Microsoftt #MSFT
#msft,2018-07-20 14:03:31,@Sarge986 However #MSFT giving fruits. Yesterday sellers are regretting and coming back
#msft,2018-07-20 13:59:12,Nice! - Score one for the IT Pro: Azure File Sync is now generally available! https://t.co/j8VIAcwN8B #msft #Azure
#msft,2018-07-20 13:48:45,@jimcramer I own it. Happy camper! @satyanadella has done a fabulous job! üí∞üìà#MSFTüìà
#msft,2018-07-20 13:47:57,@businessinsider Go long  on #MSFT and short #Amazon?
#msft,2018-07-20 13:30:16,"üìà Microsoft #msft just hit a 52 week high of $108.19

Keep track with #Invstr https://t.co/CqAq14M6V1 https://t.co/gOkRArtgMI"
#msft,2018-07-20 13:27:00,RT @jukkan: The Fall collection of MVP Wear has finally arrived üòé #mvpbuzz #microsoftmvp #clothingfornerds #wearitwithpride #stillmvp #msft‚Ä¶
#msft,2018-07-20 13:25:26,"$MSFT: Microsoft earning move completes the the LD of 1, will wait for pullback 
#investing #trading #daytrading‚Ä¶ https://t.co/Rb6rLnszt3"
#msft,2018-07-20 13:23:32,"#Microsoft #msft is ready to misspell the ""MA.FANG"" with such great earnings. #stocks

@business @cnbc @msnbc @CNNMoney @ft @forbes"
#msft,2018-07-20 13:22:34,"Great results by Microsoft. They thought long and hard about cloud, strategized again and have transitioned into a‚Ä¶ https://t.co/3TLa062CGT"
#msft,2018-07-20 13:15:50,#MSFT  https://t.co/KFaRoNEo2d
#msft,2018-07-20 13:09:12,RT @DayTradeWarrior: Hot Stocks To Watch 7/20/2018 https://t.co/uZ5NroBXom #economiccalendar #msft #qqq #skx #spy https://t.co/FqRJxxzqla
#msft,2018-07-20 13:06:10,Hot Stocks To Watch 7/20/2018 https://t.co/fwPNFDMBhe #economiccalendar #msft #qqq #skx #spy https://t.co/DM9jJMqpu4
#msft,2018-07-20 13:05:56,Hot Stocks To Watch 7/20/2018 https://t.co/YaL0kV5FKl #economiccalendar #msft #qqq #skx #spy https://t.co/kRy6nlY8mu
#msft,2018-07-20 13:05:45,Hot Stocks To Watch 7/20/2018 https://t.co/bWTqn8AjQE #economiccalendar #msft #qqq #skx #spy https://t.co/Ls5fqNhNMN
#msft,2018-07-20 13:05:42,Hot Stocks To Watch 7/20/2018 https://t.co/uZ5NroBXom #economiccalendar #msft #qqq #skx #spy https://t.co/FqRJxxzqla
#msft,2018-07-20 12:21:26,"RT @UgeneKrawec: #Msft earnings beat Thursday, set up a Friday, Monday advance .. now looks like Chinese letting yuan fall to offset tariff‚Ä¶"
#msft,2018-07-20 11:53:58,"RT @gonzalotrader: Acciones que reportar√°n tras el cierre de la Jornada de Hoy #AfterMarket, donde destacan. #COF, #ETFC, #MSFT. https://t.‚Ä¶"
#msft,2018-07-20 10:17:09,"Microsoft quarterly profit rises 10 percent 
Microsoft Corp on Thursday reported quarterly profit and revenue that‚Ä¶ https://t.co/BGwfCcG35u"
#msft,2018-07-20 09:46:30,"RT @cyrilvoisin: Speaking of security: A discussion with Bret Arsenault, CISO at Microsoft https://t.co/jmFK2MUH4N #security #msft #CISO #p‚Ä¶"
#msft,2018-07-20 09:44:51,"RT @cyrilvoisin: Speaking of security: A discussion with Bret Arsenault, CISO at Microsoft https://t.co/jmFK2MUH4N #security #msft #CISO #p‚Ä¶"
#msft,2018-07-20 09:29:41,ÿ¥ÿ±ŸÉÿ© ŸÖŸäŸÉÿ±Ÿàÿ≥ŸàŸÅÿ™ ÿ™ÿ≠ŸÇŸÇ ÿ£ÿ±ÿ®ÿßÿ≠ ÿ™ÿ¨ÿßŸàÿ≤ÿ™ ÿßŸÑÿ™ŸàŸÇÿπÿßÿ™ Ÿà ÿ™ÿ™ŸàŸÇÿπ ÿ≤ŸäÿßÿØÿ© ŸÅŸä ŸÜŸÖŸà ÿ£ÿπŸÖÿßŸÑŸáÿß ŸÖÿ≥ÿ™ŸÇÿ®ŸÑÿß ÿßŸäÿ∂ÿß ÿßŸÉÿ´ÿ± ŸÖŸÜ ÿßŸÑÿ™ŸàŸÇÿπÿßÿ™ .. ÿ≥ÿπÿ± ÿ≥ŸáŸÖ ÿßŸÑÿ¥‚Ä¶ https://t.co/uHRWUPAm7P
#msft,2018-07-20 09:13:13,"#MSFT  Sell strong earnings opening  in terms of probabilities &gt;3 sigma on all time frame (Q,M,W,D). The medium ter‚Ä¶ https://t.co/FVz6jftrGJ"
#msft,2018-07-20 08:24:26,"Speaking of security: A discussion with Bret Arsenault, CISO at Microsoft https://t.co/jmFK2MUH4N #security #msft‚Ä¶ https://t.co/DhAHqIXzvL"
#msft,2018-07-20 07:59:46,Stellar results to report for Q4 üëèüëèüëè #MSFT #MSFTAdvocate https://t.co/SRu56xzHbJ
#msft,2018-07-20 07:54:52,how many RT to resign @JunckerEU seems like everybody wants a drunk at the ships wheel       no worries    #titanic‚Ä¶ https://t.co/Cv9v7xkCbi
#msft,2018-07-20 07:52:28,https://t.co/NdRp89IKhI friday FUN   pls retweet to get it started      #es_F #spy #qqq ##nq_F #eurusd #dax #ger30‚Ä¶ https://t.co/KB1FEIZRX5
#msft,2018-07-20 07:49:14,"In case you missed it ... Huge Congratulations to Lucy Sutton, nominated for CRN's Women in Channel Awards (‚Ä¶ https://t.co/f6QBrHXisF"
#msft,2018-07-20 07:47:11,friday FUN   pls retweet to get it started      #es_F #spy #qqq ##nq_F #eurusd #dax #ger30 #usdjpy #eurjpy $spy $es‚Ä¶ https://t.co/86Cp5XuCHf
#msft,2018-07-20 07:21:01,@Sarge986 For me one quarter earnings is here and there. World office and Home PC can‚Äôt go ahead without #MSFT. Eve‚Ä¶ https://t.co/RY0yBKJatc
#msft,2018-07-20 07:12:35,"Unsatisfied with your current CRM system and want to migrate to #MSFT Dynamics CRM? 

Here is a complete guide on D‚Ä¶ https://t.co/5GMzCeKGQe"
#msft,2018-07-20 06:46:01,"RT @ElixiumCrypto: Are you Bullish or Bearish on #Microsoftüñ•?

1 - 15x Leverage ‚úÖ

‚ñ∂Ô∏è https://t.co/yfuS25BFRM ‚óÄÔ∏è

Register Now &amp; go Longüìà o‚Ä¶"
#msft,2018-07-20 06:25:06,"Are you Bullish or Bearish on #Microsoftüñ•?

1 - 15x Leverage ‚úÖ

‚ñ∂Ô∏è https://t.co/yfuS25BFRM ‚óÄÔ∏è

Register Now &amp; go Lo‚Ä¶ https://t.co/atj9EYOBOY"
#msft,2018-07-20 05:55:56,#MSFT steht super da und wird weiter #Cloud #Boom profitieren. ‚ÄûDas Cloud-Angebot namens #Azure legte um 89 Prozent‚Ä¶ https://t.co/ONGdxOQwfS
#msft,2018-07-20 04:30:55,#MSFT FY revenue 1st time over $100bn #Azure #cloud up 89% https://t.co/wNgEfH8Zi8
#msft,2018-07-20 03:46:53,"RT @Trader_Mars: #MSFT - ""He's going vertical. So am I - We're going ballistic!""
https://t.co/xktvmQT2nk https://t.co/9Unp6nBQoV"
#msft,2018-07-20 03:41:21,My work for FY18 in 140 chars. #MSFT https://t.co/EQsx3OVWQT
#msft,2018-07-20 03:41:00,"Microsoft just hit a $10 billion milestone with its gaming business, and it's a huge sign for the future of the Xbo‚Ä¶ https://t.co/jVnBxFpoIj"
#msft,2018-07-20 03:39:22,Happy to have helped #ParksCanada with a printer &amp; scanner issue. Being a MVP is about helping out! They can use so‚Ä¶ https://t.co/KNIFJT8OzR
#msft,2018-07-20 02:32:06,"#NFLX , #AMZN , #FB , #GOOG , #MSFT , #AAPL , #NVDA „ÅÆÊ†™‰æ°Êé®Áßª„Åß„Åô„ÄÇ„Éç„ÉÉ„Éà„Éï„É™„ÉÉ„ÇØ„Çπ„ÅØ3Êó•ÈÄ£Á∂ö„Åß‰∏ãËêΩ„Åó5Êó•Á∑ö„ÄÅ25Êó•Á∑ö„Çí‰∏ãÊäú„Åë„ÄÅ75Êó•Á∑ö„Å´Ëø´„Å£„Å¶„ÅÑ„Åæ„Åô„ÄÇ https://t.co/16dEGBGZgi"
#msft,2018-07-20 02:26:35,"#Msft earnings beat Thursday, set up a Friday, Monday advance .. now looks like Chinese letting yuan fall to offset‚Ä¶ https://t.co/WkQfD6qHgP"
#msft,2018-07-20 02:23:55,"RT @Trader_Mars: #MSFT - ""He's going vertical. So am I - We're going ballistic!""
https://t.co/xktvmQT2nk https://t.co/9Unp6nBQoV"
#msft,2018-07-20 01:51:20,"Definitely pleased with my grab of a few extra shares right before session end
#MSFT https://t.co/pEixNYv2gO"
#msft,2018-07-20 01:31:53,"RT @Trader_Mars: #MSFT - ""He's going vertical. So am I - We're going ballistic!""
https://t.co/xktvmQT2nk https://t.co/9Unp6nBQoV"
#msft,2018-07-20 01:13:08,"#MSFT https://t.co/ldYkzBQ6Gc
Amazing!!!! Way to go Microsoft!!!! @MicrosoftJobs"
#msft,2018-07-20 00:36:12,RT @TheDataPros: 1 Big Catalyst for Microsoft's Cloud Computing Business. What is it? Read more here https://t.co/ysyAilu6e9 #msft #nasdaq‚Ä¶
#msft,2018-07-20 00:36:10,"RT @godwin003: #Microsoft ( #MSFT ) #Earnings Report &amp; Products Growth - July 2018.¬†
https://t.co/xS8qYgU0AJ https://t.co/AmrSImNybP"
#msft,2018-07-20 00:36:05,"RT @Trader_Mars: #MSFT - ""He's going vertical. So am I - We're going ballistic!""
https://t.co/xktvmQT2nk https://t.co/9Unp6nBQoV"
#msft,2018-07-20 00:27:21,"RT @CopyTraderCo: Are you Bullish or Bearish on #Microsoftüñ•?

1 - 15x Leverage ‚úÖ

‚ñ∂Ô∏è https://t.co/9Hp4KUMe0L ‚óÄÔ∏è

Register Now &amp; go Longüìà or‚Ä¶"
#msft,2018-07-20 00:27:17,"RT @fintekinsights: MSFT Azure server revenue up about 90 percent, look out AWS #MSFT #Microsoft #Azure #fintech #fintekinsights #cloud #fi‚Ä¶"
#msft,2018-07-19 23:52:58,"RT @fintekinsights: MSFT Azure server revenue up about 90 percent, look out AWS #MSFT #Microsoft #Azure #fintech #fintekinsights #cloud #fi‚Ä¶"
#msft,2018-07-19 23:52:36,"MSFT Azure server revenue up about 90 percent, look out AWS #MSFT #Microsoft #Azure #fintech #fintekinsights #cloud #fintech @fintekinsights"
#msft,2018-07-19 23:32:37,"RT @CopyTraderCo: Are you Bullish or Bearish on #Microsoftüñ•?

1 - 15x Leverage ‚úÖ

‚ñ∂Ô∏è https://t.co/9Hp4KUMe0L ‚óÄÔ∏è

Register Now &amp; go Longüìà or‚Ä¶"
#msft,2018-07-19 23:20:56,"RT @CopyTraderCo: Are you Bullish or Bearish on #Microsoftüñ•?

1 - 15x Leverage ‚úÖ

‚ñ∂Ô∏è https://t.co/9Hp4KUMe0L ‚óÄÔ∏è

Register Now &amp; go Longüìà or‚Ä¶"
#msft,2018-07-19 23:20:14,"Are you Bullish or Bearish on #Microsoftüñ•?

1 - 15x Leverage ‚úÖ

‚ñ∂Ô∏è https://t.co/9Hp4KUMe0L ‚óÄÔ∏è

Register Now &amp; go Lo‚Ä¶ https://t.co/uZ9xk8ljyl"
#msft,2018-07-19 23:10:43,"RT @Trader_Mars: #MSFT - ""He's going vertical. So am I - We're going ballistic!""
https://t.co/xktvmQT2nk https://t.co/9Unp6nBQoV"
#msft,2018-07-19 23:07:36,"#MSFT - ""He's going vertical. So am I - We're going ballistic!""
https://t.co/xktvmQT2nk https://t.co/9Unp6nBQoV"
#msft,2018-07-19 22:45:47,"RT @SeanAlex: ""Analysts had expected Microsoft to earn $29.21 billion in revenue and earnings per share of $1.08. The company destroyed exp‚Ä¶"
#msft,2018-07-19 22:30:31,"#Microsoft ( #MSFT ) #Earnings Report &amp; Products Growth - July 2018.¬†
https://t.co/xS8qYgU0AJ https://t.co/AmrSImNybP"
#msft,2018-07-19 22:25:02,1 Big Catalyst for Microsoft's Cloud Computing Business. What is it? Read more here https://t.co/ysyAilu6e9 #msft‚Ä¶ https://t.co/YONhivhrwD
#msft,2018-07-19 21:50:05,Microsoft earnings: Tech giant caps off a historic fiscal year filled with firsts. #msft #microsoft #tech #finance‚Ä¶ https://t.co/opEaHdzZJp
#msft,2018-07-19 21:43:07,"#Microsoft #MSFT 2018Âπ¥4QÊ±∫ÁÆó„ÄÇ
Â£≤‰∏äÈ´ò$30BÔºàÂâçÂπ¥ÊØî+17%Ôºâ„ÄÇ
EPS $1.14ÔºàÂâçÂπ¥ÊØî+11%Ôºâ„ÄÇ„ÅÑ„Åö„Çå„ÇÇ‰∫àÊÉ≥„Çí‰∏äÂõû„ÇãÊÑü„Åò„ÄÇ
Â£≤‰∏äÈ´ò„ÅÆ‰º∏Èï∑Áéá„Å®„Åó„Å¶„ÅØ„ÄÅ#Xbox #Azure #Offce365 „ÅÇ‚Ä¶ https://t.co/n5FpyKVbSK"
#msft,2018-07-19 21:40:13,@Microsoft Please talk about potential growth with Fortnite in your #MSFT #earnings
#msft,2018-07-19 21:36:24,Go #Azure! Cloud drives big growth! #MSFT reported fiscal Q4 net income of $8.87B or $1.14 a share compared with $8‚Ä¶ https://t.co/fC9B3eJsXV
#msft,2018-07-19 21:26:14,"Elvis is playing on the #MSFT earnings call ""Viva Las Vegas""...LOL #msinspire"
#msft,2018-07-19 21:15:32,sold $MSFT Jul20 #ironbutterfly 4 tonite's AMC #earnings #MSFT https://t.co/xdPpg36hin
#msft,2018-07-19 21:13:49,"Cheers to AI!

.@Microsoft .@carlsberg #Microsoft #MSFT #Carlsberg #ArtificialIntelligence #AI #Beer #Brewery‚Ä¶ https://t.co/Ny5UnAmYcT"
#msft,2018-07-19 21:07:05,"RT @SeanAlex: ""Analysts had expected Microsoft to earn $29.21 billion in revenue and earnings per share of $1.08. The company destroyed exp‚Ä¶"
#msft,2018-07-19 21:05:27,"RT @bc3tech: I will never understand Wall Street.

""Analysts had expected Microsoft to earn $29.21 billion in revenue and earnings per shar‚Ä¶"
#msft,2018-07-19 21:05:05,"I will never understand Wall Street.

""Analysts had expected Microsoft to earn $29.21 billion in revenue and earnin‚Ä¶ https://t.co/G2d1r58FKN"
#msft,2018-07-19 21:02:03,Another sales beat for one of our flagship portfolio's core holdings! #Microsoft #MSFT #Cloud https://t.co/MgEhJyFqen
#msft,2018-07-19 20:57:01,"RT @SeanAlex: ""Analysts had expected Microsoft to earn $29.21 billion in revenue and earnings per share of $1.08. The company destroyed exp‚Ä¶"
#msft,2018-07-19 20:55:55,"RT @SeanAlex: ""Analysts had expected Microsoft to earn $29.21 billion in revenue and earnings per share of $1.08. The company destroyed exp‚Ä¶"
#msft,2018-07-19 20:51:49,"RT @SeanAlex: ""Analysts had expected Microsoft to earn $29.21 billion in revenue and earnings per share of $1.08. The company destroyed exp‚Ä¶"
#msft,2018-07-19 20:47:52,"RT @SeanAlex: ""Analysts had expected Microsoft to earn $29.21 billion in revenue and earnings per share of $1.08. The company destroyed exp‚Ä¶"
#msft,2018-07-19 20:46:26,"RT @SeanAlex: ""Analysts had expected Microsoft to earn $29.21 billion in revenue and earnings per share of $1.08. The company destroyed exp‚Ä¶"
#msft,2018-07-19 20:45:03,RT @Sheroman18: Microsoft Office 365 ProPlus - Version 1808 - Build 16.0.10717.20003 #Office365 #Office16 #Office2016 #Office #Microsoft #M‚Ä¶
#msft,2018-07-19 20:42:17,"RT @SeanAlex: ""Analysts had expected Microsoft to earn $29.21 billion in revenue and earnings per share of $1.08. The company destroyed exp‚Ä¶"
#msft,2018-07-19 20:42:05,@ZacMannes nice call on #MSFT. Hoping to see some nice premium burn on my put credit spread
#msft,2018-07-19 20:38:41,"&gt;$100B in revenue for the first time ‚Äì finishing at $110.4 billion 

Grew commercial cloud business (Office 365, Az‚Ä¶ https://t.co/tQUnSXt0YP"
#msft,2018-07-19 20:38:34,"RT @SeanAlex: ""Analysts had expected Microsoft to earn $29.21 billion in revenue and earnings per share of $1.08. The company destroyed exp‚Ä¶"
#msft,2018-07-19 20:37:10,"RT @SeanAlex: ""Analysts had expected Microsoft to earn $29.21 billion in revenue and earnings per share of $1.08. The company destroyed exp‚Ä¶"
#msft,2018-07-19 20:36:24,"RT @microsoftalumni: Do you find yourself wishing you still had access to the Microsoft Company store? We've got you covered.

Renew your m‚Ä¶"
#msft,2018-07-19 20:36:21,RT @RatingsNetwork: Melania Trump listens as students discuss being civil online $MSFT #MSFT #Technology #Childwelfare #Humanwelfare https:‚Ä¶
#msft,2018-07-19 20:36:19,RT @MarketBeatNews: Melania Trump listens as students discuss being civil online $MSFT #MSFT #Technology #Childwelfare #Humanwelfare https:‚Ä¶
#msft,2018-07-19 20:36:14,RT @TheDataPros: 3 Things to Watch When Microsoft Reports Earnings! #investors #investing #investorsreport #finance #msft #microsoft #earni‚Ä¶
#msft,2018-07-19 20:33:14,"RT @SeanAlex: ""Analysts had expected Microsoft to earn $29.21 billion in revenue and earnings per share of $1.08. The company destroyed exp‚Ä¶"
#msft,2018-07-19 20:32:47,"""Analysts had expected Microsoft to earn $29.21 billion in revenue and earnings per share of $1.08. The company des‚Ä¶ https://t.co/mZ26IRnnkU"
#msft,2018-07-19 20:27:06,Another #MSInspire over. Time to get some early nights &amp; vegetables.¬† Great connections with #MSFT colleagues old a‚Ä¶ https://t.co/CyfRSDqjod
#msft,2018-07-19 20:25:22,YAY #MSFT !!!!!! #MSFTAdvocate - https://t.co/Z0o72JE01b
#msft,2018-07-19 20:21:18,Powering our customers: the innovation story behind Microsoft‚Äôs earnings. #Microsoft #MSFT https://t.co/tLE9hpbz3x
#msft,2018-07-19 20:17:57,"Microsoft earnings:
EPS: $1.13 versus expected $1.08.
Revenue: $30.09 billion versus expected $29.21 billion.‚Ä¶ https://t.co/r5cQjWSmvt"
#msft,2018-07-19 20:09:55,"Microsoft earnings beat: $1.13 per share, vs $1.08 expected EPS. Revenue: $30.09 billion, vs. $29.21 billion as exp‚Ä¶ https://t.co/QrVpEwU0Qo"
#msft,2018-07-19 20:05:24,"#Microsoft #MSFT earnings, a big winner #stocks"
#msft,2018-07-19 20:04:29,#MSFT is there a guidance problem? Stock is down and pulling #YM_F down too
#msft,2018-07-19 19:20:05,"Microsoft Will Sunset Skype Classic This September - WinBuzzer https://t.co/ULDQRtZjR2
#Microsoft #MicrosoftCorp‚Ä¶ https://t.co/u71ffUbMBN"
#msft,2018-07-19 18:57:15,"Acciones que reportar√°n tras el cierre de la Jornada de Hoy #AfterMarket, donde destacan. #COF, #ETFC, #MSFT. https://t.co/dbYRLA4Vb2"
#msft,2018-07-19 18:55:07,3 Things to Watch When Microsoft Reports Earnings! #investors #investing #investorsreport #finance #msft #microsoft‚Ä¶ https://t.co/Kzq8txdj86
#msft,2018-07-19 18:19:43,Melania Trump listens as students discuss being civil online $MSFT #MSFT #Technology #Childwelfare #Humanwelfare https://t.co/GWAjZBMyvS
#msft,2018-07-19 18:19:38,Melania Trump listens as students discuss being civil online $MSFT #MSFT #Technology #Childwelfare #Humanwelfare https://t.co/aXaNetFZJE
#msft,2018-07-19 18:01:08,"Do you find yourself wishing you still had access to the Microsoft Company store? We've got you covered.

Renew you‚Ä¶ https://t.co/4CEFXtojvE"
#msft,2018-07-19 17:57:27,Microsoft Office 365 ProPlus - Version 1808 - Build 16.0.10717.20003 #Office365 #Office16 #Office2016 #Office‚Ä¶ https://t.co/Qh86qlF7wu
#msft,2018-07-19 17:30:22,"Microsoft Will Sunset Skype Classic This September - WinBuzzer https://t.co/ft6vn8QyXA
#Microsoft #MicrosoftCorp‚Ä¶ https://t.co/ceQ386fb1G"
#msft,2018-07-19 16:45:15,"RT @JOVRNALISM: New generation of virtual reality headsets to connect with single USB-C cable
https://t.co/nmXXjYIz0u

#JOVRNALISM
#VR #VRi‚Ä¶"
#msft,2018-07-19 16:45:12,RT @TheCloudand_Me: Microsoft Issues Public Preview of Azure Service Fabric Mesh |  https://t.co/jACerLO4I0 | #Azure #Cloud #CloudComputing‚Ä¶
#msft,2018-07-19 16:45:10,RT @shanebrighton: Microsoft Issues Public Preview of Azure Service Fabric Mesh |  https://t.co/PHXFyC0olO | #Azure #Cloud #CloudComputing‚Ä¶
#msft,2018-07-19 16:45:08,"RT @KJKirby: We cannot sacrifice privacy for AI, Microsoft CEO tells partners https://t.co/PpQYq7sUhr via @crn_uk #MSInspire #MSFT #mspartn‚Ä¶"
#msft,2018-07-19 16:45:05,RT @markenimpulse: How #SatyaNadella tripled #Microsoft 's stock price in just over four years https://t.co/2bHZrnD6tu #Tech #IT #MSFT
#msft,2018-07-19 16:45:03,RT @LetoAtreides12: @TelegraphTech @Telegraph Is it a coincidence that whenever a US company creates an important product the people in Eur‚Ä¶
#msft,2018-07-19 16:36:24,"RT @pavliks_com: Microsoft and GE Digital Announce IoT Innovation Partnership - WinBuzzer https://t.co/1OkKgv24a6
#Microsoft #MicrosoftCorp‚Ä¶"
#msft,2018-07-19 16:36:22,RT @KJKirby: 'This will be our best year ever' - Microsoft channel boss on FY19 https://t.co/upJVPq4BJ3 via @crn_uk  #MSInspire #MSFT #mspa‚Ä¶
#msft,2018-07-19 16:36:19,RT @KJKirby: Gavriella Schuster addresses partners at #MSInspire #MSFT #mspartners @mspartner @IAMCPOrg  #IAMCP https://t.co/YZkIuBPExc htt‚Ä¶
#msft,2018-07-19 16:36:17,"RT @LTeeitup: The  "" pin"" on  Mr Softie  #MSFT"
#msft,2018-07-19 15:48:44,"The  "" pin"" on  Mr Softie  #MSFT"
#msft,2018-07-19 15:44:28,Gavriella Schuster addresses partners at #MSInspire #MSFT #mspartners @mspartner @IAMCPOrg  #IAMCP‚Ä¶ https://t.co/FAOUXb7B9X
#msft,2018-07-19 15:43:10,'This will be our best year ever' - Microsoft channel boss on FY19 https://t.co/upJVPq4BJ3 via @crn_uk  #MSInspire‚Ä¶ https://t.co/j55hTcUccn
#msft,2018-07-19 15:40:06,"Microsoft and GE Digital Announce IoT Innovation Partnership - WinBuzzer https://t.co/1OkKgv24a6
#Microsoft‚Ä¶ https://t.co/rf7C5J82ag"
#msft,2018-07-19 15:32:50,@TelegraphTech @Telegraph Is it a coincidence that whenever a US company creates an important product the people in‚Ä¶ https://t.co/SD6MwKoUHa
#msft,2018-07-19 15:29:35,How #SatyaNadella tripled #Microsoft 's stock price in just over four years https://t.co/2bHZrnD6tu #Tech #IT #MSFT
#msft,2018-07-19 15:28:45,"We cannot sacrifice privacy for AI, Microsoft CEO tells partners https://t.co/PpQYq7sUhr via @crn_uk #MSInspire‚Ä¶ https://t.co/67JhbnetQ1"
#msft,2018-07-19 14:59:24,Microsoft Issues Public Preview of Azure Service Fabric Mesh |  https://t.co/PHXFyC0olO | #Azure #Cloud‚Ä¶ https://t.co/iY89uPrwW6
#msft,2018-07-19 14:55:07,Microsoft Issues Public Preview of Azure Service Fabric Mesh |  https://t.co/jACerLO4I0 | #Azure #Cloud‚Ä¶ https://t.co/LWzyMwXRnJ
#msft,2018-07-19 14:53:24,"RT @JOVRNALISM: New generation of virtual reality headsets to connect with single USB-C cable
https://t.co/nmXXjYIz0u

#JOVRNALISM
#VR #VRi‚Ä¶"
#msft,2018-07-19 14:52:04,RT @TheCloudand_Me: Microsoft Extends Windows Admin Center Server Support to Azure Cloud https://t.co/oRSgjCmbra |  #Azure #Cloud #CloudCom‚Ä¶
#msft,2018-07-19 14:49:11,Microsoft Inspire 2018: 5 Key Partner Takeaways On Azure And Office 365 |  https://t.co/2ynTkZw1r4 | #Office365‚Ä¶ https://t.co/etEp1kSt5b
#msft,2018-07-19 14:45:11,Microsoft Inspire 2018: 5 Key Partner Takeaways On Azure And Office 365 |  https://t.co/7shnmaceAI | #Office365‚Ä¶ https://t.co/60U0w4nDgX
#msft,2018-07-19 14:44:19,Microsoft Extends Windows Admin Center Server Support to Azure Cloud https://t.co/j3hRSIjJHT |  #Azure #Cloud‚Ä¶ https://t.co/3NaSRkSw9Y
#msft,2018-07-19 14:40:14,"RT @vzeimer: Microsoft confirms noticeable system slowdowns from fixes to Meltdown and Spectre attack methods - https://t.co/wlhFWj1SbM
‚Ä¢‚Ä¢‚Ä¢‚Ä¶"
#msft,2018-07-19 14:40:09,Microsoft Extends Windows Admin Center Server Support to Azure Cloud https://t.co/oRSgjCmbra |  #Azure #Cloud‚Ä¶ https://t.co/JzokRadPdC
#msft,2018-07-19 14:39:53,"RT @vzeimer: Update 1802 for System Center Configuration Manager (Current Branch) is now available - https://t.co/auQKAAznwn
‚Ä¢‚Ä¢‚Ä¢
#Microsoft‚Ä¶"
#msft,2018-07-19 14:39:26,"RT @vzeimer: Microsoft announced today that it will acquire GitHub for $7.5 billion in Microsoft stock - https://t.co/25xpuLbeEk
‚Ä¢‚Ä¢‚Ä¢
#Micro‚Ä¶"
#msft,2018-07-19 14:39:00,RT @vzeimer: The Windows container image preview for Windows Server Insider Build 17704 is now available for testing - https://t.co/gQ7M3Kg‚Ä¶
#msft,2018-07-19 14:11:01,RT @dandh: The last full day at #MSInspire ‚Äì your final chance to stop by the @BitTitan booth 523 and enter to win a Surface Studio from @d‚Ä¶
#msft,2018-07-19 13:40:05,"Microsoft and GE Digital Announce IoT Innovation Partnership - WinBuzzer https://t.co/Tv2PrlZ4it
#Microsoft‚Ä¶ https://t.co/ly95ALDwRt"
#msft,2018-07-19 13:14:52,RT @EagleBrookCap: #swingtrade #stocks #stockstrader #money #longtermtrade #golfandstocks #stocksandgolf #business #MSFT #options #trading‚Ä¶
#msft,2018-07-19 13:14:45,#swingtrade #stocks #stockstrader #money #longtermtrade #golfandstocks #stocksandgolf #business #MSFT #options‚Ä¶ https://t.co/6P5mL01QVS
#msft,2018-07-19 13:14:26,"RT @EagleBrookCap: $IVST Acquires Stake in StemVax Therapeutics, Launching Biotechnology &amp; Health Services Division #swingtrade #stocks #st‚Ä¶"
#msft,2018-07-19 13:14:20,"$IVST Acquires Stake in StemVax Therapeutics, Launching Biotechnology &amp; Health Services Division #swingtrade‚Ä¶ https://t.co/cYA13KPaD9"
#msft,2018-07-19 13:10:28,"Malaysians spend an average of 280 million hours in #traffic jams, and MRTC, with the help of #MSFT &amp;‚Ä¶ https://t.co/Yrag5HZNDf"
#msft,2018-07-19 13:01:39,"#NFLX , #AMZN , #FB' , #GOOG , #MSFT , #AAPL , #NVDA „ÅÆÊ†™‰æ°Êé®Áßª„Åß„Åô„ÄÇ„Åì„Åì„ÅÆ„Å®„Åì„Çç„ÅÆ„Éç„ÉÉ„Éà„Éï„É™„ÉÉ„ÇØ„Çπ„ÅÆ‰∏ãËêΩ„ÅåÁõÆÁ´ã„Å°„Åæ„Åô„Å≠„ÄÇ„Åæ„Åü„Éï„Çß„Ç§„Çπ„Éñ„ÉÉ„ÇØ„ÅØ‰∏ÄÈÄ£„ÅÆÊºèÊ¥©ÂïèÈ°å„ÅØ„Å™„Çì„Åß„ÅÇ„Å£„Åü„ÅÆ„ÅãÔºü„Å®‚Ä¶ https://t.co/iNiUabplib"
#msft,2018-07-19 12:36:19,"RT @WebullGlobal: #Earnings on 07/19/2018
#MSFT
#SAP
#TSM
#UN
#UNP
#ABB
More earnings data on the Webull app: https://t.co/Siy976fd5N https‚Ä¶"
#msft,2018-07-19 12:36:17,RT @TheCloudand_Me: Walmart and Microsoft team up to fight Amazon |  https://t.co/5Zwmjch81f | #Office365 #Dynamics365 #MSDyn365  #Dynamics‚Ä¶
#msft,2018-07-19 12:36:15,RT @shanebrighton: Walmart and Microsoft team up to fight Amazon |  https://t.co/mKRmWe7qWd | #Office365 #Dynamics365 #MSDyn365  #Dynamics3‚Ä¶
#msft,2018-07-19 12:36:12,RT @RatingsNetwork: Global stocks drift lower as US considers more tariffs $MSFT #MSFT #Financialmarkets #Poundsterling #Currencymarkets ht‚Ä¶
#msft,2018-07-19 12:36:10,RT @MarketBeatNews: Global stocks drift lower as US considers more tariffs $MSFT #MSFT #Financialmarkets #Poundsterling #Currencymarkets ht‚Ä¶
#msft,2018-07-19 11:52:13,RT @AudioCodes: Say goodbye to #PowerShell for good and manage your #MicrosoftTeams or #Skype4B deployment from a #singlepaneofglass instea‚Ä¶
#msft,2018-07-19 11:36:08,Global stocks drift lower as US considers more tariffs $MSFT #MSFT #Financialmarkets #Poundsterling #Currencymarkets https://t.co/TRUCU6t3Z4
#msft,2018-07-19 11:36:04,Global stocks drift lower as US considers more tariffs $MSFT #MSFT #Financialmarkets #Poundsterling #Currencymarkets https://t.co/xFAwCvYoGW
#msft,2018-07-19 11:18:10,#Brexit #Trump #Tradewars #economics #USDA #Fed #OOTT #FixedIncome #Bonds #MSFT #Markets #Trading https://t.co/uh02G4oub0
#msft,2018-07-19 11:14:00,How to set notification priorities with Focus Assist in #Windows10 https://t.co/d115xBAmxt via @techrepublic #msft
#msft,2018-07-19 10:59:30,Walmart and Microsoft team up to fight Amazon |  https://t.co/mKRmWe7qWd | #Office365 #Dynamics365 #MSDyn365‚Ä¶ https://t.co/iFyVqpXAdn
#msft,2018-07-19 10:59:30,"Microsoft Azure bolsters customer base with Campbell Soup, GE | https://t.co/HhNf6dEg3T | #CTO #CIO #EnterpriseIT‚Ä¶ https://t.co/cOmeWz17J7"
#msft,2018-07-19 10:28:07,Walmart and Microsoft team up to fight Amazon |  https://t.co/5Zwmjch81f | #Office365 #Dynamics365 #MSDyn365‚Ä¶ https://t.co/Wn3iAxsvlg
#msft,2018-07-19 10:27:52,"#Earnings on 07/19/2018
#MSFT
#SAP
#TSM
#UN
#UNP
#ABB
More earnings data on the Webull app: https://t.co/Siy976fd5N https://t.co/yiBcRVYhcO"
#msft,2018-07-19 10:26:23,RT @AlcuinBramerton: #eStocks share price performance #chart: #TWTR v #NFLX v #AMZN v #MSFT v #GOOG v #AAPL v #FB (‚Ä¶ https://t.co/yVnVfHpeLm
#msft,2018-07-19 10:23:27,#eStocks share price performance #chart: #TWTR v #NFLX v #AMZN v #MSFT v #GOOG v #AAPL v #FB (10 months).‚Ä¶ https://t.co/PwgcdAAlZn
#msft,2018-07-19 10:22:33,"Microsoft Azure bolsters customer base with Campbell Soup, GE | https://t.co/2tg2CxqaO3 | #CTO #CIO #EnterpriseIT‚Ä¶ https://t.co/2CLOqgFGzB"
#msft,2018-07-19 09:08:06,"RT @SyedSabhi: #Microsoft #Intune #MSFT #IntuneDataImporterTool #MSIntune #SCCM #IntuneStandalone #Migration
Intune data importer tool | Mi‚Ä¶"
#msft,2018-07-19 08:36:17,"RT @ElixiumCrypto: Are you Bullish or Bearish on #Microsoftüñ•?

1 - 15x Leverage ‚úÖ

‚ñ∂Ô∏è https://t.co/yfuS25BFRM ‚óÄÔ∏è

Register Now &amp; go Longüìà o‚Ä¶"
#msft,2018-07-19 08:36:12,"RT @FaizanS88655720: Major Earnings for today : 
Microsoft (MSFT) - Forecasted EPS $1.08 &amp; Rev. $29.21B
The Travelers (TRV) - Forecasted EP‚Ä¶"
#msft,2018-07-19 08:36:10,"RT @Vtrade: Major Earnings for today :  
Microsoft (MSFT) - Forecasted EPS $1.08 &amp; Rev. $29.21B 
The Travelers (TRV) - Forecasted EPS $2.43‚Ä¶"
#msft,2018-07-19 08:36:08,"RT @harish9279: Earnings for today : 
Microsoft (MSFT) - Forecasted EPS $1.08 &amp; Rev. $29.21B
The Travelers (TRV) - Forecasted EPS $2.43 &amp; R‚Ä¶"
#msft,2018-07-19 08:31:24,"#Microsoft #Intune #MSFT #IntuneDataImporterTool #MSIntune #SCCM #IntuneStandalone #Migration
Intune data importer‚Ä¶ https://t.co/Fo2cWR4Meg"
#msft,2018-07-19 08:06:21,"One chart puts mega tech‚Äôs trillions of market value into eye-popping perspective https://t.co/1qdk3e7j39
#AAPL #AMZN #GOOGL #MSFT #FB"
#msft,2018-07-19 07:13:57,"Earnings for today : 
Microsoft (MSFT) - Forecasted EPS $1.08 &amp; Rev. $29.21B
The Travelers (TRV) - Forecasted EPS $‚Ä¶ https://t.co/eSCEq92f9b"
#msft,2018-07-19 07:12:59,"Major Earnings for today :  
Microsoft (MSFT) - Forecasted EPS $1.08 &amp; Rev. $29.21B 
The Travelers (TRV) - Forecast‚Ä¶ https://t.co/iEIQNOGnkS"
#msft,2018-07-19 07:09:50,"Major Earnings for today : 
Microsoft (MSFT) - Forecasted EPS $1.08 &amp; Rev. $29.21B
The Travelers (TRV) - Forecasted‚Ä¶ https://t.co/vpjlYrRmYu"
#msft,2018-07-19 05:27:38,"RT @ElixiumCrypto: Are you Bullish or Bearish on #Microsoftüñ•?

1 - 15x Leverage ‚úÖ

‚ñ∂Ô∏è https://t.co/yfuS25BFRM ‚óÄÔ∏è

Register Now &amp; go Longüìà o‚Ä¶"
#msft,2018-07-19 05:26:07,"Are you Bullish or Bearish on #Microsoftüñ•?

1 - 15x Leverage ‚úÖ

‚ñ∂Ô∏è https://t.co/yfuS25BFRM ‚óÄÔ∏è

Register Now &amp; go Lo‚Ä¶ https://t.co/c6scZZb3Qb"
#msft,2018-07-19 04:45:03,"RT @mgreco84: Microsoft announces new free version of Teams to directly take on Slack, Microsoft Teams now is FREE!-https://t.co/qQP2GLVBUu‚Ä¶"
#msft,2018-07-19 04:36:24,"RT @KJKirby: Huge Congratulations to Lucy Sutton, nominated for CRN's Women in Channel Awards (https://t.co/KCX1lz7Zmr) for her outstanding‚Ä¶"
#msft,2018-07-19 04:36:15,"RT @SilentWhstlBlwr: @Microsoft $msft partnership will help @Chainlink $link continue to stregthen its principles, empower companies wrldwd‚Ä¶"
#msft,2018-07-19 04:36:12,"RT @CopyTraderCo: Are you Bullish or Bearish on #Microsoftüñ•?

1 - 15x Leverage ‚úÖ

‚ñ∂Ô∏è https://t.co/9Hp4KUMe0L ‚óÄÔ∏è

Register Now &amp; go Longüìà or‚Ä¶"
#msft,2018-07-19 04:36:10,RT @b_hallmans: We can enable Smart Tourism solutions with #hpe and #msft says Chaitra from  @Meylah during the Intelligent Edge Panel toda‚Ä¶
#msft,2018-07-19 01:59:00,"Malaysians spend an average of 280 million hours in #traffic jams, and MRTC, with the help of #MSFT &amp;‚Ä¶ https://t.co/uVY55DBJLn"
#msft,2018-07-19 01:26:18,Walmart establece una asociaci√≥n estrat√©gica con Microsoft para acelerar a√∫n m√°s la innovaci√≥n digital en la indust‚Ä¶ https://t.co/2znjjB7K9i
#msft,2018-07-19 01:02:31,RT @b_hallmans: We can enable Smart Tourism solutions with #hpe and #msft says Chaitra from  @Meylah during the Intelligent Edge Panel toda‚Ä¶
#msft,2018-07-18 23:35:53,"RT @CopyTraderCo: Are you Bullish or Bearish on #Microsoftüñ•?

1 - 15x Leverage ‚úÖ

‚ñ∂Ô∏è https://t.co/9Hp4KUMe0L ‚óÄÔ∏è

Register Now &amp; go Longüìà or‚Ä¶"
#msft,2018-07-18 23:30:09,RT @WBuzzer: Microsoft Releases Remote Desktop Web Client for Windows Server 2016 https://t.co/J4kw0YztYf‚Ä¶ https://t.co/WVDgQRi0Tu
#msft,2018-07-18 23:12:06,"Are you Bullish or Bearish on #Microsoftüñ•?

1 - 15x Leverage ‚úÖ

‚ñ∂Ô∏è https://t.co/9Hp4KUMe0L ‚óÄÔ∏è

Register Now &amp; go Lo‚Ä¶ https://t.co/QtTwG4nr49"
#msft,2018-07-18 23:04:06,RT @b_hallmans: We can enable Smart Tourism solutions with #hpe and #msft says Chaitra from  @Meylah during the Intelligent Edge Panel toda‚Ä¶
#msft,2018-07-18 23:00:02,RT @b_hallmans: We can enable Smart Tourism solutions with #hpe and #msft says Chaitra from  @Meylah during the Intelligent Edge Panel toda‚Ä¶
#msft,2018-07-18 22:59:27,"RT @KJKirby: Huge Congratulations to Lucy Sutton, nominated for CRN's Women in Channel Awards (https://t.co/KCX1lz7Zmr) for her outstanding‚Ä¶"
#msft,2018-07-18 22:26:02,"Microsoft announces new free version of Teams to directly take on Slack, Microsoft Teams now is FREE!-‚Ä¶ https://t.co/2gkfmagcu3"
#msft,2018-07-18 21:59:33,MSFt pre earnings analysis - #MSFT chart https://t.co/ZmvHcxo2oa
#msft,2018-07-18 21:57:26,Á±≥ÂõΩÊ†™ÂºèÊ¶ÇÊ≥Å„ÄÇÔºÉ„Ç¢„Éû„Çæ„É≥ ÔºÉ„Çπ„ÇØ„Ç®„Ç¢ ÔºÉ„Ç®„Éå„Éì„Éá„Ç£„Ç¢ ÔºÉ„Ç¢„É™„Éê„Éê  ÔºÉJP„É¢„É´„Ç¨„É≥„ÉÅ„Çß„Éº„Çπ ÔºÉÈòøÈáåÂ∑¥Â∑¥ÈõÜÂõ£  ÔºÉ„ÉÑ„Ç§„ÉÉ„Çø„Éº  ÔºÉAmazon‚Å† ‚Å†¬†¬†  ÔºÉ„Éû„Ç§„ÇØ„É≠„ÇΩ„Éï„Éà  ÔºÉ„Éö„Ç§„Éë„É´ ÔºÉBABA  ÔºÉNVDA ÔºÉSQ ÔºÉÊÑõÂ•áËä∏‚Ä¶ https://t.co/vGZiC7SAzZ
#msft,2018-07-18 21:29:06,Obrigado Paula Panarra e #MSFT Portugal por mais este ano conjunto. https://t.co/EBbTt5CNxF
#msft,2018-07-18 21:10:03,RT @WBuzzer: Microsoft Releases Remote Desktop Web Client for Windows Server 2016 https://t.co/erhgnU08vz‚Ä¶ https://t.co/LFU2XFehSN
#msft,2018-07-18 20:31:06,Speaking on ‚ÄòDigital Transformation leveraging the Microsoft Technology Stack‚Äô at the Microsoft Inspire 2018 Confer‚Ä¶ https://t.co/XixW07a1Rr
#msft,2018-07-18 20:17:37,Microsoft Office 365 ProPlus - Version 1808 - Build 16.0.10716.20003 #Office365 #Office16 #Office2016 #Office‚Ä¶ https://t.co/hiq0roGCKd
#msft,2018-07-18 19:49:19,We can enable Smart Tourism solutions with #hpe and #msft says Chaitra from  @Meylah during the Intelligent Edge Pa‚Ä¶ https://t.co/Drz0YPlMis
#msft,2018-07-18 19:48:20,Email #Dynamics365 team using #MicrosoftFlow https://t.co/MPqjS2udo7 #MSDyn365 #MSFT
#msft,2018-07-18 19:30:16,"Microsoft Just Scored a Huge Cloud Win Against Amazon -- The Motley Fool https://t.co/zM5vQgyVVX
#Microsoft‚Ä¶ https://t.co/sSiLG2gdVX"
#msft,2018-07-18 19:30:16,"Webinar: Get a good look at Microsoft‚Äôs Windows Analytics suite ‚Ä¢ The Register https://t.co/fksLgcsp4w
#Microsoft‚Ä¶ https://t.co/NRjNx3NP7P"
#msft,2018-07-18 19:10:28,RT @GCI_Com: UK partner session well underway in Vegas as @CindyRose reveals that partners in the UK generated ¬£50bn of revenue for Microso‚Ä¶
#msft,2018-07-18 19:07:11,RT @GCI_Com: UK partner session well underway in Vegas as @CindyRose reveals that partners in the UK generated ¬£50bn of revenue for Microso‚Ä¶
#msft,2018-07-18 19:01:35,UK partner session well underway in Vegas as @CindyRose reveals that partners in the UK generated ¬£50bn of revenue‚Ä¶ https://t.co/edTIEh7Dcf
#msft,2018-07-18 18:46:02,This is #Ready #msft https://t.co/v4R6chshYd
#msft,2018-07-18 18:44:34,This is #Ready #MSFT https://t.co/BSP6ZMpf3m
#msft,2018-07-18 18:34:02,RT @EagleBrookCap: $IVST #swingtrade #stocks #stockstrader #money #longtermtrade #golfandstocks #stocksandgolf #business #MSFT #options #tr‚Ä¶
#msft,2018-07-18 18:33:56,$IVST #swingtrade #stocks #stockstrader #money #longtermtrade #golfandstocks #stocksandgolf #business #MSFT‚Ä¶ https://t.co/fgEiRITRJV
#msft,2018-07-18 18:25:33,#swingtrade #stocks #stockstrader #money #longtermtrade #golfandstocks #stocksandgolf #business #MSFT #options‚Ä¶ https://t.co/YWrhrtNDZN
#msft,2018-07-18 18:22:05,Ayudar a los socios a crecer sus pr√°cticas de aplicaci√≥n de negocios con nuevas inversiones para impulsar su √©xito.‚Ä¶ https://t.co/pMvjymRjfC
#msft,2018-07-18 18:21:00,Obrigado Paula Panarra e #MSFT Portugal por mais este ano conjunto. https://t.co/pf4bwS2u56
#msft,2018-07-18 17:55:46,"RT @SilentWhstlBlwr: @Microsoft $msft partnership will help @Chainlink $link continue to stregthen its principles, empower companies wrldwd‚Ä¶"
#msft,2018-07-18 17:55:18,"@Microsoft $msft partnership will help @Chainlink $link continue to stregthen its principles, empower companies wrl‚Ä¶ https://t.co/WcWCZsThus"
#msft,2018-07-18 17:52:13,"RT @TweetsByYos: Welcome to our new team in Pune!

It's great to see our continued growth especially with the release of Helix.

#Growth¬†#C‚Ä¶"
#msft,2018-07-18 17:47:50,"Welcome to our new team in Pune!

It's great to see our continued growth especially with the release of Helix.‚Ä¶ https://t.co/4nnZcfXpcX"
#msft,2018-07-18 17:40:04,"Webinar: Get a good look at Microsoft‚Äôs Windows Analytics suite ‚Ä¢ The Register https://t.co/4UY3qelVuJ
#Microsoft‚Ä¶ https://t.co/B4EOEGiqga"
#msft,2018-07-18 17:35:19,The story of a 1.26B company and 10K employees that made a big bet on #Google¬†over #MSFT¬†4 years ago and never look‚Ä¶ https://t.co/QN4Q4fiae5
#msft,2018-07-18 17:30:19,"Microsoft Just Scored a Huge Cloud Win Against Amazon -- The Motley Fool https://t.co/ATMGpk1tFF
#Microsoft‚Ä¶ https://t.co/Q2BnMYV1fo"
#msft,2018-07-18 17:29:54,#Azure and #M365 continue to be major focuses for #MSFT https://t.co/gSS7wS86F6
#msft,2018-07-18 16:17:48,The last full day at #MSInspire ‚Äì your final chance to stop by the @BitTitan booth 523 and enter to win a Surface S‚Ä¶ https://t.co/w9lH5R3q06
#msft,2018-07-18 16:02:14,Say goodbye to #PowerShell for good and manage your #MicrosoftTeams or #Skype4B deployment from a‚Ä¶ https://t.co/ixbwq5rN70
#msft,2018-07-18 15:30:25,"Why Did Microsoft Enter The Video Game Space? https://t.co/kB97XVfPBS
#Microsoft #MicrosoftCorp #MSFT #Gaming‚Ä¶ https://t.co/Ra1wya4r5e"
#msft,2018-07-18 15:26:54,Webinar: Get a good look at @Microsoft‚Äôs Windows Analytics suite https://t.co/QGbIR5MCps via @TheRegister #msft #sysadmin
#msft,2018-07-18 15:12:34,"RT @microsoftalumni: Want to learn more about the Alumni network? Join us on campus July 26th to see how you can stay connected.

Click her‚Ä¶"
#msft,2018-07-18 15:12:27,"RT @microsoftalumni: The startup tune was first used in Windows 95.

#MSFTAlum #MSFT #Microsoft https://t.co/kDdc9wN9e7"
#msft,2018-07-18 15:04:27,MSFT - #MSFT chart https://t.co/Gw3t8ZV3ZI
#msft,2018-07-18 15:00:59,"The startup tune was first used in Windows 95.

#MSFTAlum #MSFT #Microsoft https://t.co/kDdc9wN9e7"
#msft,2018-07-18 14:57:49,"RT @tuna_gezer: ""Sticking with Well-Known and Proven Solutions"" almost 8 years old but problems are exactly the same! Well written by @Aaro‚Ä¶"
#msft,2018-07-18 14:41:08,"#US Stocks: #UNH: +1.43%, #WBA: +1.32%, #AXP: +1.15%, #CVX: -1.32%, #MSFT: -0.94%, #MCD: -0.73%"
#msft,2018-07-18 14:38:56,"RT @JOVRNALISM: New generation of virtual reality headsets to connect with single USB-C cable
https://t.co/nmXXjYIz0u

#JOVRNALISM
#VR #VRi‚Ä¶"
#msft,2018-07-18 14:27:21,"New generation of virtual reality headsets to connect with single USB-C cable
https://t.co/nmXXjYIz0u

#JOVRNALISM‚Ä¶ https://t.co/rQYCYsv0PP"
#msft,2018-07-18 13:45:05,"Why Did Microsoft Enter The Video Game Space? https://t.co/ioeOmCeEh0
#Microsoft #MicrosoftCorp #MSFT #Gaming‚Ä¶ https://t.co/FZwA4zHyGc"
#msft,2018-07-18 13:44:21,BLOCK TRADE detected in #MSFT
#msft,2018-07-18 13:30:19,Integrar y motivar a tu fuerza de trabajo de manera din√°mica y divertida es posible con Microsoft Dynamics 365 Gami‚Ä¶ https://t.co/Nbm03KMgJE
#msft,2018-07-18 13:29:02,"Microsoft Roundup: Teams, Surface, Azure, Notepad, Face ID | #microsoft #msft #daytrader #daytrading #invest|‚Ä¶ https://t.co/zsUbdPBniq"
#msft,2018-07-18 11:42:05,"In #HongKong, a nonprofit is leveraging #MSFT #cloud to reduce readmissions to hospitals in a bid to lower‚Ä¶ https://t.co/DqaJGYlJCb"
#msft,2018-07-18 10:45:04,Fascinating panel discussion about being agents of change and increasing the number of #womenintechnology with‚Ä¶ https://t.co/oQex1fZ2zl
#msft,2018-07-18 10:43:10,70 #WIT communities around the world! #HSO are proud to be involved and a member of the #IAMCP and a #msft Partner‚Ä¶ https://t.co/9N98MM59Y0
#msft,2018-07-18 09:59:00,"RT @MicrosoftASIA: In #HongKong, a nonprofit is leveraging #MSFT #cloud to reduce readmissions to hospitals in a bid to lower #healthcare c‚Ä¶"
#msft,2018-07-18 09:59:00,"In #HongKong, a nonprofit is leveraging #MSFT #cloud to reduce readmissions to hospitals in a bid to lower‚Ä¶ https://t.co/SsGoFiIbl1"
#msft,2018-07-18 07:32:31,Microsoft and GE Extend Their Partnership - https://t.co/ozMWvHC6sL #MSFT #MSInspire #TechAssoc #GreatToBePartOfThis #Microsoft #Mspartner
#msft,2018-07-18 05:29:25,"RT @ElixiumCrypto: Are you Bullish or Bearish on #Microsoftüñ•?

1 - 15x Leverage ‚úÖ

‚ñ∂Ô∏è https://t.co/yfuS25BFRM ‚óÄÔ∏è

Register Now &amp; go Longüìà o‚Ä¶"
#msft,2018-07-18 05:28:21,"Are you Bullish or Bearish on #Microsoftüñ•?

1 - 15x Leverage ‚úÖ

‚ñ∂Ô∏è https://t.co/yfuS25BFRM ‚óÄÔ∏è

Register Now &amp; go Lo‚Ä¶ https://t.co/MqGctftB54"
#msft,2018-07-18 05:20:42,"""Sticking with Well-Known and Proven Solutions"" almost 8 years old but problems are exactly the same! Well written‚Ä¶ https://t.co/tENYMoQUGb"
#msft,2018-07-18 01:07:53,@petenajarian @ScottWapnerCNBC Lovin me some earnings season! #msft #nadella
#msft,2018-07-18 01:00:01,Love how the company (and the stock price) has performed with Amy Hood as CFO. #msft https://t.co/YdRGTkbcEy
#msft,2018-07-17 23:45:05,"Want to learn more about the Alumni network? Join us on campus July 26th to see how you can stay connected.

Click‚Ä¶ https://t.co/MDc8T8gfPR"
#msft,2018-07-17 23:36:00,"""We need ubiquitous compute in the cloud, but you critically need it at the edge also. The intelligent cloud and th‚Ä¶ https://t.co/d4zRKlsJPZ"
#msft,2018-07-17 23:12:33,"RT @MSFTDynamics365: Discover how to gain insights, understand customer needs &amp; close deals more efficiently‚Äîwatch #MSFT Relationship #Sale‚Ä¶"
#msft,2018-07-17 23:07:03,"Are you Bullish or Bearish on #Microsoftüñ•?

1 - 15x Leverage ‚úÖ

‚ñ∂Ô∏è https://t.co/9Hp4KUMe0L ‚óÄÔ∏è

Register Now &amp; go Lo‚Ä¶ https://t.co/TPB9NUA7I3"
#msft,2018-07-17 23:01:15,This is the story of how we went all-in on a design template that represents the best of what #MSFT #Azure has to o‚Ä¶ https://t.co/nJqGlQ8yfj
#msft,2018-07-17 21:44:17,good news for increasingly cross platform support for #MSFT products https://t.co/3c5P0dNbE0 #MSFTAdvocate
#msft,2018-07-17 21:12:23,@vmas don‚Äôt know how you missed @officialjaden SYRE ü§¶üèΩ‚Äç‚ôÇÔ∏è I at a lost for  words #msft
#msft,2018-07-17 20:51:14,"Have you heard about Helix?

Life sciences and collaboration blended beautifully together!

#Helix #LifeSciences‚Ä¶ https://t.co/HoUk7PunXv"
#msft,2018-07-17 20:46:27,Incredible. This chart speaks for itself. #AAPL #AMZN #MSFT #FB #GOOGL https://t.co/K6yAkCoG7I
#msft,2018-07-17 20:16:29,"RT majorgeeks ""Updated - WUMT Wrapper Script is used to launch Windows Update MiniTool and disable Windows Updates‚Ä¶ https://t.co/1UsOdfPpvt"
#msft,2018-07-17 20:14:47,Updated - WUMT Wrapper Script is used to launch Windows Update MiniTool and disable Windows Updates until you rerun‚Ä¶ https://t.co/Q5RG0gg27D
#msft,2018-07-17 20:02:19,"RT @IanMCalvert: This is going to see an interesting battle but between who?

@Microsoft v @amazon in the #Cloud wars?
or
@Walmart v #amazo‚Ä¶"
#msft,2018-07-17 20:00:55,"This is going to see an interesting battle but between who?

@Microsoft v @amazon in the #Cloud wars?
or
@Walmart v‚Ä¶ https://t.co/zsqeRj9Unx"
#msft,2018-07-17 19:49:59,"RT @GarySMorrow: MSFT(+1.3%)at new highs after soft open, impressive action ahead of Thursday's(PM)earnings report continues, extends gain‚Ä¶"
#msft,2018-07-17 19:24:04,RT @shannm: #iamcpwit #AgentsofChange ally and champion Jean Philippe Countois sharing thoughts on #msft culture &amp; values: customer obsessi‚Ä¶
#msft,2018-07-17 19:18:45,The Brokers at GSIMarkets whould like to inform you that: Microsoft Corp (MSFT) stock rose by 1.3631%! Currently pr‚Ä¶ https://t.co/1A9mUCVQan
#msft,2018-07-17 19:15:44,RT @shannm: #iamcpwit #AgentsofChange ally and champion Jean Philippe Countois sharing thoughts on #msft culture &amp; values: customer obsessi‚Ä¶
#msft,2018-07-17 19:14:56,RT @shannm: #iamcpwit #AgentsofChange ally and champion Jean Philippe Countois sharing thoughts on #msft culture &amp; values: customer obsessi‚Ä¶
#msft,2018-07-17 19:13:15,#iamcpwit #AgentsofChange ally and champion Jean Philippe Countois sharing thoughts on #msft culture &amp; values: cust‚Ä¶ https://t.co/MP08Waehbs
#msft,2018-07-17 19:02:28,"MSFT(+1.3%)at new highs after soft open, impressive action ahead of Thursday's(PM)earnings report continues, extend‚Ä¶ https://t.co/jmEjDmMqJu"
#msft,2018-07-17 18:22:38,BLOCK TRADE detected in #MSFT
#msft,2018-07-17 17:59:08,#MSFT is cooking hope you learning about the #stock market. It's üí∞üí∞üí∞ to be made
#msft,2018-07-17 17:45:43,"Because your stash of 7n6 ammo deserves accurate shot placement! üòâ
Lens: theallamericanproject 

#ddiak #msft‚Ä¶ https://t.co/CYQlmkmbNc"
#msft,2018-07-17 17:40:27,Well you didn't think Walmart was going to partner with Amazon Web Services did you? https://t.co/lVS9pq0Hz6‚Ä¶ https://t.co/CZjFROcG88
#msft,2018-07-17 17:36:34,RT @jkotola: Microsoft is a money making machine for partners #msft #microsoft #ict #technology #partner #partnerecosystem ping @DrSalonen‚Ä¶
#msft,2018-07-17 16:36:24,"RT @davethecfre: @turner_bethany @RBWStrategy @slack, @airtable, @Freedcamp, #MSFT's Visio, WBS Modeler for Vision, MST Project Management,‚Ä¶"
#msft,2018-07-17 16:35:32,"RT @davethecfre: @turner_bethany @RBWStrategy @slack, @airtable, @Freedcamp, #MSFT's Visio, WBS Modeler for Vision, MST Project Management,‚Ä¶"
#msft,2018-07-17 16:34:54,"@turner_bethany @RBWStrategy @slack, @airtable, @Freedcamp, #MSFT's Visio, WBS Modeler for Vision, MST Project Management, #grantchat"
#msft,2018-07-17 16:30:20,"üìà Microsoft #msft just hit a 52 week high of $105.93

Keep track with #Invstr https://t.co/CqAq14M6V1 https://t.co/BH4iW9JgaH"
#msft,2018-07-17 16:21:29,Microsoft anuncia asociaci√≥n con Campbell para impulsar la transformaci√≥n de TI desde Azure. #Microsoft #MSFT https://t.co/1Z26JtOIuq
#msft,2018-07-17 15:59:08,Live Blog: Microsoft Inspire 2018 Partner Conference News Analysis | https://t.co/Sb5CDAuj7W | #Office365‚Ä¶ https://t.co/Na9Za7avJJ
#msft,2018-07-17 15:55:10,Live Blog: Microsoft Inspire 2018 Partner Conference News Analysis | https://t.co/bzIC8RFbpf | #Office365‚Ä¶ https://t.co/jiKAAZ1CPy
#msft,2018-07-17 15:29:16,Microsoft Azure the Cloud Solution of Choice for SEB‚Äôs Benefit Processing Solutions |  https://t.co/F7jHzkaOFm |‚Ä¶ https://t.co/CDuFgYGTWg
#msft,2018-07-17 15:25:08,Microsoft Azure the Cloud Solution of Choice for SEB‚Äôs Benefit Processing Solutions |  https://t.co/g9vsMiweHJ |‚Ä¶ https://t.co/DTpMj8Q60K
#msft,2018-07-17 15:24:35,Microsoft Delivers 2X Azure SQL Data Warehouse Query Performance  | https://t.co/vb5SJt3zv4 |   #Azure #Cloud‚Ä¶ https://t.co/XUwHeAOOjQ
#msft,2018-07-17 15:20:09,Microsoft Delivers 2X Azure SQL Data Warehouse Query Performance  | https://t.co/4oGMzvldRY |   #Azure #Cloud‚Ä¶ https://t.co/bRbTIGAY49
#msft,2018-07-17 15:14:12,GE to standardize Predix platform on Microsoft Azure | https://t.co/ZaIryQNSHW | - #Azure #Cloud #CloudComputing‚Ä¶ https://t.co/J8bnYG98Dz
#msft,2018-07-17 15:13:15,GE to standardize Predix platform on Microsoft Azure | https://t.co/1165jmMpEq | - #Azure #Cloud #CloudComputing‚Ä¶ https://t.co/3mq3sMHGLc
#msft,2018-07-17 14:48:53,$4.5T in @Azure consumption by 2020.  #MSFT is outpacing @awscloud and @Google with their manifesto ‚ÄúCloud for Ever‚Ä¶ https://t.co/YJPsoZLwl1
#msft,2018-07-17 14:25:31,RT @ElysianIT: We're proud to announce we've just achieved #MSFT Cloud Platform #Gold Competency!! Great work from the team at ElysianIT!
#msft,2018-07-17 14:20:20,RT @ElysianIT: We're proud to announce we've just achieved #MSFT Cloud Platform #Gold Competency!! Great work from the team at ElysianIT!
#msft,2018-07-17 14:18:58,We're proud to announce we've just achieved #MSFT Cloud Platform #Gold Competency!! Great work from the team at ElysianIT!
#msft,2018-07-17 13:53:54,"Malaysians spend an average of 280 million hours in #traffic jams, and MRTC, with the help of #MSFT &amp;‚Ä¶ https://t.co/wkSVk7tQRg"
#msft,2018-07-17 13:53:53,"#Microsoft #msft looks better and better. #stocks

@jimcramer @MadMoneyOnCNBC @business"
#msft,2018-07-17 13:34:07,This is Art #msft https://t.co/d77NVyE4tk
#msft,2018-07-17 13:31:12,Con Dynamics 365 for Finance and Operations el cierre de mes contable nunca m√°s ser√° un dolor de cabeza.  ¬°Con√≥celo‚Ä¶ https://t.co/nnsCyyB0qt
#msft,2018-07-17 12:59:09,Up to 33% a year on a compounded portfolio results trading #NASDAQ and #NYSE stocks https://t.co/9gYZny4YOY $AMZN‚Ä¶ https://t.co/KUyM9gWnug
#msft,2018-07-17 12:53:18,"Malaysians spend an average of 280 million hours in #traffic jams, and MRTC, with the help of #MSFT &amp;‚Ä¶ https://t.co/CNoTgP7lYy"
#msft,2018-07-17 12:16:37,RT @PlumChoiceTeam: Get 'Inspired'. https://t.co/KLWwNcfzX4 #MSFT #MSInspire #cloud #@plumchoiceteam https://t.co/yaOnbBjCaw
#msft,2018-07-17 12:13:32,Get 'Inspired'. https://t.co/Y4gYojy7SE #MSFT #MSInspire #cloud #@plumchoiceteam https://t.co/ehDwv34HhS
#msft,2018-07-17 11:31:00,"Malaysians spend an average of 280 million hours in #traffic jams, and MRTC, with the help of #MSFT &amp;‚Ä¶ https://t.co/7yuX3HjxID"
#msft,2018-07-17 09:42:01,"@Microsoft @msitweets ‚Ä¶ I can‚Äôt put 2 words the seething rage youve caused me the past 3wks. 

And NO this prob *CA‚Ä¶ https://t.co/kxWPYOlmEl"
#msft,2018-07-17 04:47:40,"RT @ElixiumCrypto: Are you Bullish or Bearish on #Microsoftüñ•?

1 - 15x Leverage ‚úÖ

‚ñ∂Ô∏è https://t.co/yfuS25BFRM ‚óÄÔ∏è

Register Now &amp; go Longüìà o‚Ä¶"
#msft,2018-07-17 04:30:12,"Are you Bullish or Bearish on #Microsoftüñ•?

1 - 15x Leverage ‚úÖ

‚ñ∂Ô∏è https://t.co/yfuS25BFRM ‚óÄÔ∏è

Register Now &amp; go Lo‚Ä¶ https://t.co/VXkUXn4Q2H"
#msft,2018-07-17 02:24:44,@ExchangeGoddess Amateur hour over at #msft or a cunning ploy to get the hold out on-prem customers over to exchang‚Ä¶ https://t.co/gI332ph2pW
#msft,2018-07-17 01:29:00,Run Our City #HongKong is tapping on #MSFT cloud to improve its program for at-risk #youth #nonprofit https://t.co/Dd5ATc4KZX
#msft,2018-07-16 23:43:22,Honoured to be a member of the new IDC Partner Advisory Board. Great first meeting! Now looking forward to how we c‚Ä¶ https://t.co/u6h1s6Bsj9
#msft,2018-07-16 23:10:03,"Are you Bullish or Bearish on #Microsoftüñ•?

1 - 15x Leverage ‚úÖ

‚ñ∂Ô∏è https://t.co/9Hp4KUMe0L ‚óÄÔ∏è

Register Now &amp; go Lo‚Ä¶ https://t.co/Rot8dl4LjC"
#msft,2018-07-16 21:01:15,Why Is Dino Rossi Spending Hundreds of Dollars at a Red Robin in Colorado? #seattle #wenatchee #issaquah #puyallup‚Ä¶ https://t.co/3owV2wr1zA
#msft,2018-07-16 20:50:25,"Coming soon... 
#elephantintheroom #newmusic #bow #down #soundcloud #hiphop #music #msft #ray1ne https://t.co/AHmQuGJezX"
#msft,2018-07-16 19:35:04,"How Satya Nadella and Microsoft won back Wall Street ‚Äî Quartz https://t.co/oPw9oDshZ0
#Microsoft #MicrosoftCorp‚Ä¶ https://t.co/H1u5DXWcMb"
#msft,2018-07-16 18:33:29,Join me on 8/11 at #MSFT #Hollywood Office #Live at @SPSLosAngeles https://t.co/T5MD2ZFJ1b
#msft,2018-07-16 18:22:24,"RT @MSCloud: For the 11th year in a row, Gartner positions #MSFT as a leader in the 2018 #Analytics &amp; BI Magic Quadrant. Read the report: h‚Ä¶"
#msft,2018-07-16 17:40:06,"How Satya Nadella and Microsoft won back Wall Street ‚Äî Quartz https://t.co/opd0ZVgElv
#Microsoft #MicrosoftCorp‚Ä¶ https://t.co/eleesvtUbB"
#msft,2018-07-16 17:29:02,#MSFT Training News: Calling All Azure Administrators! Introducing a New Certification Just for You‚Ä¶ https://t.co/IXxcre6iy3
#msft,2018-07-16 16:02:19,Microsoft is a money making machine for partners #msft #microsoft #ict #technology #partner #partnerecosystem ping‚Ä¶ https://t.co/Kf6i8wEvAu
#msft,2018-07-16 15:55:25,135M monthly active users for Office 365 with the area growing at 43% #wow #msft
#msft,2018-07-16 15:40:04,"Microsoft raises alarms about face recognition https://t.co/2Y8GpppjYJ
#Microsoft #MicrosoftCorp #MSFT‚Ä¶ https://t.co/AJHA1appoL"
#msft,2018-07-16 15:37:22,Call me? Tweet me? .@Health_IT .@abbvie .@AstraZeneca .@Celgene .@Novartis .@Aslanpharma .@GenomicHealth .‚Ä¶ https://t.co/QgUAv8Cf2Y
#msft,2018-07-16 15:30:19,"Wild rumor of the day: Microsoft is making its own Android phone ‚Äì BGR https://t.co/RaNjVzaUUo
#Microsoft‚Ä¶ https://t.co/q2MPGWk4oN"
#msft,2018-07-16 14:33:46,"RT @KingRippleXRP: Just for fun...

Stock Prices if their Share Supply only 21,000,000 (#Bitcoin #BTC Max Market Cap @ 115B)

#MSFT $101 77‚Ä¶"
#msft,2018-07-16 14:02:28,Alinear las funciones de ventas y marketing es todo un reto.  Descubre c√≥mo superarlo con Microsoft Dynamics 365.‚Ä¶ https://t.co/Z0Wt3CPDoz
#msft,2018-07-16 13:31:37,"üìà Microsoft #msft just hit a 52 week high of $105.61

Keep track with #Invstr https://t.co/CqAq14M6V1 https://t.co/JTbJKjkNbX"
#msft,2018-07-16 12:05:14,"Huge Congratulations to Lucy Sutton, nominated for CRN's Women in Channel Awards (https://t.co/KCX1lz7Zmr) for her‚Ä¶ https://t.co/azrISgWQVD"
#msft,2018-07-16 08:15:14,Heeft iemand nog #nieuws tips over #Microsoft? Deze kunnen wij altijd gebruiken! #software #MSFT
#msft,2018-07-16 07:09:26,Oppenheimer Lowers Microsoft FY2019 Earnings Estimates to $3.97 EPS (Previously $3.98). https://t.co/ZBtH6XU3ry $MSFT #MSFT
